"n_tau","PE"
1609.40394249464,0.843511637966738
2609.40394249464,0.855316126025415
3609.40394249464,0.823847709078905
4609.40394249464,0.788736028290838
5609.40394249464,0.751593781471906
6609.40394249464,0.716679892549395
7609.40394249464,0.681021170487356
8609.40394249464,0.646478061181526
9609.40394249464,0.611529571767167
10609.4039424946,0.580618543024103
11609.4039424946,0.547690806975969
12609.4039424946,0.52075989364876
13609.4039424946,0.492760848570829
14609.4039424946,0.463799732481826
15609.4039424946,0.438309856227786
16609.4039424946,0.412310178605221
17609.4039424946,0.390337175995634
18609.4039424946,0.368165124209805
19609.4039424946,0.345876633369576
20609.4039424946,0.323561029934845
21609.4039424946,0.30575335011539
22609.4039424946,0.288041339585597
23609.4039424946,0.270478663124127
24609.4039424946,0.25312073003672
25609.4039424946,0.240270528322438
26609.4039424946,0.2234069711217
27609.4039424946,0.210993068594859
28609.4039424946,0.198806144920956
29609.4039424946,0.1868697791892
30609.4039424946,0.175207165838997
31609.4039424946,0.163840718297214
32609.4039424946,0.15279199858155
33609.4039424946,0.142081606364706
34609.4039424946,0.135138876128869
35609.4039424946,0.125034505267948
36609.4039424946,0.118511987132285
37609.4039424946,0.109060266578171
38609.4039424946,0.102986443996019
39609.4039424946,0.0970987448286852
40609.4039424946,0.0886230288700766
41609.4039424946,0.0832136198100474
42609.4039424946,0.0779995421989208
43609.4039424946,0.0729823870642083
44609.4039424946,0.0681632601080192
45609.4039424946,0.0635427609768423
46609.4039424946,0.0591210252306694
47609.4039424946,0.0548976477283691
48609.4039424946,0.0508717314365415
49609.4039424946,0.0489324035461906
50609.4039424946,0.0451998922324024
51609.4039424946,0.0416604254995809
52609.4039424946,0.0399622794636404
53609.4039424946,0.0367073019656344
54609.4039424946,0.0336379302499819
55609.4039424946,0.03217168770191
56609.4039424946,0.0293735332154334
57609.4039424946,0.0280405303396128
58609.4039424946,0.0255037448486915
59609.4039424946,0.0242987243285544
60609.4039424946,0.0220121719860138
61609.4039424946,0.0209292776003611
62609.4039424946,0.0188807077719871
63609.4039424946,0.0179135637160583
64609.4039424946,0.0169835089309879
65609.4039424946,0.0152315710284042
66609.4039424946,0.0144081096434208
67609.4039424946,0.0136185834358911
68609.4039424946,0.0121380735621014
69609.4039424946,0.0114454404811906
70609.4039424946,0.0107834462334319
71609.4039424946,0.0101512519038398
72609.4039424946,0.00954802161404201
73609.4039424946,0.00842508218667319
74609.4039424946,0.00790369112164025
75609.4039424946,0.00740790066173201
76609.4039424946,0.00693687579370371
77609.4039424946,0.00648978596972775
78609.4039424946,0.00606580622669447
79609.4039424946,0.00566411827607214
80609.4039424946,0.00528391058250275
81609.4039424946,0.00492438335869722
82609.4039424946,0.00426420964214539
83609.4039424946,0.00396201198003942
84609.4039424946,0.00367739317096429
85609.4039424946,0.00340960912284266
86609.4039424946,0.00315792976143457
87609.4039424946,0.00292163974297078
88609.4039424946,0.00270003911537517
89609.4039424946,0.00270003911537517
90609.4039424946,0.0024924434650891
91609.4039424946,0.00229818635055964
92609.4039424946,0.00211661696422967
93609.4039424946,0.00194710241081576
94609.4039424946,0.00178902777368262
95609.4039424946,0.00164179633471048
96609.4039424946,0.00150482988388638
97609.4039424946,0.00137756894480037
98609.4039424946,0.00125947294598198
99609.4039424946,0.00125947294598198
100609.403942495,0.00115002033888504
101609.403942495,0.00104870866221256
102609.403942495,0.000955054559239649
103609.403942495,0.000868593742758962
104609.403942495,0.000788880908602121
105609.403942495,0.000788880908602121
106609.403942495,0.000715489607825109
107609.403942495,0.0006480120728183
108609.403942495,0.000586059001151408
109609.403942495,0.000586059001151408
110609.403942495,0.000529259299384064
111609.403942495,0.000477259789194792
112609.403942495,0.000429724878287516
113609.403942495,0.000429724878287516
114609.403942495,0.000386336127043553
115609.403942495,0.000346792149655818
116609.403942495,0.000310807745088555
117609.403942495,0.000310807745088555
118609.403942495,0.00027811376050871
119609.403942495,0.000248456546825617
120609.403942495,0.000248456546825617
121609.403942495,0.000221597473845413
122609.403942495,0.000197312429036651
123609.403942495,0.000197312429036651
124609.403942495,0.000175391302629501
125609.403942495,0.000155637461730426
126609.403942495,0.000155637461730426
127609.403942495,0.000137867216078734
128609.403942495,0.000121909255413149
129609.403942495,0.000121909255413149
130609.403942495,0.000107604198884141
131609.403942495,9.48039076821882e-05
132609.403942495,9.48039076821882e-05
133609.403942495,8.33710401575254e-05
134609.403942495,8.33710401575254e-05
135609.403942495,7.31784870316917e-05
136609.403942495,6.41088373802549e-05
137609.403942495,6.41088373802549e-05
138609.403942495,5.60538520155106e-05
139609.403942495,5.60538520155106e-05
140609.403942495,4.89139460229024e-05
141609.403942495,4.25976820644182e-05
142609.403942495,4.25976820644182e-05
143609.403942495,3.70212758978549e-05
144609.403942495,3.70212758978549e-05
145609.403942495,3.21081094854832e-05
146609.403942495,3.21081094854832e-05
147609.403942495,2.77882892757313e-05
148609.403942495,2.39981576228318e-05
149609.403942495,2.39981576228318e-05
150609.403942495,2.06798849586253e-05
151609.403942495,2.06798849586253e-05
152609.403942495,1.77810462182865e-05
153609.403942495,1.77810462182865e-05
154609.403942495,1.5254221848467e-05
155609.403942495,1.5254221848467e-05
156609.403942495,1.30566170288707e-05
157609.403942495,1.30566170288707e-05
158609.403942495,1.11496993879681e-05
159609.403942495,1.11496993879681e-05
160609.403942495,9.4988553649437e-06
161609.403942495,9.4988553649437e-06
162609.403942495,8.07306524857e-06
163609.403942495,8.07306524857e-06
164609.403942495,6.84459554185549e-06
165609.403942495,6.84459554185549e-06
166609.403942495,5.78871731968204e-06
167609.403942495,5.78871731968204e-06
168609.403942495,4.8834237875279e-06
169609.403942495,4.8834237875279e-06
170609.403942495,4.10919077225586e-06
171609.403942495,4.10919077225586e-06
172609.403942495,3.44873564401443e-06
173609.403942495,3.44873564401443e-06
174609.403942495,3.44873564401443e-06
175609.403942495,2.88680057001026e-06
176609.403942495,2.88680057001026e-06
177609.403942495,2.40995071032045e-06
178609.403942495,2.40995071032045e-06
179609.403942495,2.00638799418927e-06
180609.403942495,2.00638799418927e-06
181609.403942495,1.66577980293713e-06
182609.403942495,1.66577980293713e-06
183609.403942495,1.66577980293713e-06
184609.403942495,1.37910186136266e-06
185609.403942495,1.37910186136266e-06
186609.403942495,1.13849440195573e-06
187609.403942495,1.13849440195573e-06
188609.403942495,9.37132162633613e-07
189609.403942495,9.37132162633613e-07
190609.403942495,9.37132162633613e-07
191609.403942495,7.69104122207103e-07
192609.403942495,7.69104122207103e-07
193609.403942495,6.2930681912956e-07
194609.403942495,6.2930681912956e-07
195609.403942495,6.2930681912956e-07
196609.403942495,5.13346953938341e-07
197609.403942495,5.13346953938341e-07
198609.403942495,4.17454007373785e-07
199609.403942495,4.17454007373785e-07
200609.403942495,4.17454007373785e-07
201609.403942495,3.3840188887427e-07
202609.403942495,3.3840188887427e-07
203609.403942495,2.73438994316147e-07
204609.403942495,2.73438994316147e-07
205609.403942495,2.73438994316147e-07
206609.403942495,2.20225793289067e-07
207609.403942495,2.20225793289067e-07
208609.403942495,2.20225793289067e-07
209609.403942495,1.76779577732625e-07
210609.403942495,1.76779577732625e-07
211609.403942495,1.41425507575818e-07
212609.403942495,1.41425507575818e-07
213609.403942495,1.41425507575818e-07
214609.403942495,1.12753618439593e-07
215609.403942495,1.12753618439593e-07
216609.403942495,1.12753618439593e-07
217609.403942495,8.95808012198305e-08
218609.403942495,8.95808012198305e-08
219609.403942495,8.95808012198305e-08
220609.403942495,7.09178113494938e-08
221609.403942495,7.09178113494938e-08
222609.403942495,5.59403714832449e-08
223609.403942495,5.59403714832449e-08
224609.403942495,5.59403714832449e-08
225609.403942495,4.39641022695264e-08
226609.403942495,4.39641022695264e-08
227609.403942495,4.39641022695264e-08
228609.403942495,3.44228314351162e-08
229609.403942495,3.44228314351162e-08
230609.403942495,3.44228314351162e-08
231609.403942495,2.68498971902525e-08
232609.403942495,2.68498971902525e-08
233609.403942495,2.68498971902525e-08
234609.403942495,2.08620945530765e-08
235609.403942495,2.08620945530765e-08
236609.403942495,2.08620945530765e-08
237609.403942495,1.61459448043764e-08
238609.403942495,1.61459448043764e-08
239609.403942495,1.61459448043764e-08
240609.403942495,1.61459448043764e-08
241609.403942495,1.24459960543998e-08
242609.403942495,1.24459960543998e-08
243609.403942495,1.24459960543998e-08
244609.403942495,9.55490813600874e-09
245609.403942495,9.55490813600874e-09
246609.403942495,9.55490813600874e-09
247609.403942495,7.30505028075091e-09
248609.403942495,7.30505028075091e-09
249609.403942495,7.30505028075091e-09
250609.403942495,5.56145437006832e-09
251609.403942495,5.56145437006832e-09
252609.403942495,5.56145437006832e-09
253609.403942495,5.56145437006832e-09
254609.403942495,4.21589731208791e-09
255609.403942495,4.21589731208791e-09
256609.403942495,4.21589731208791e-09
257609.403942495,3.18196574139698e-09
258609.403942495,3.18196574139698e-09
259609.403942495,3.18196574139698e-09
260609.403942495,3.18196574139698e-09
261609.403942495,2.39095549135533e-09
262609.403942495,2.39095549135533e-09
263609.403942495,2.39095549135533e-09
264609.403942495,1.78847965887645e-09
265609.403942495,1.78847965887645e-09
266609.403942495,1.78847965887645e-09
267609.403942495,1.78847965887645e-09
268609.403942495,1.33167530228344e-09
269609.403942495,1.33167530228344e-09
270609.403942495,1.33167530228344e-09
271609.403942495,9.86913523973312e-10
272609.403942495,9.86913523973312e-10
273609.403942495,9.86913523973312e-10
274609.403942495,9.86913523973312e-10
275609.403942495,7.27930711673631e-10
276609.403942495,7.27930711673631e-10
277609.403942495,7.27930711673631e-10
278609.403942495,7.27930711673631e-10
279609.403942495,5.34311487842471e-10
280609.403942495,5.34311487842471e-10
281609.403942495,5.34311487842471e-10
282609.403942495,3.90260497419556e-10
283609.403942495,3.90260497419556e-10
284609.403942495,3.90260497419556e-10
285609.403942495,3.90260497419556e-10
286609.403942495,2.8361676665623e-10
287609.403942495,2.8361676665623e-10
288609.403942495,2.8361676665623e-10
289609.403942495,2.8361676665623e-10
290609.403942495,2.05062927953253e-10
291609.403942495,2.05062927953253e-10
292609.403942495,2.05062927953253e-10
293609.403942495,2.05062927953253e-10
294609.403942495,1.47495997458153e-10
295609.403942495,1.47495997458153e-10
296609.403942495,1.47495997458153e-10
297609.403942495,1.47495997458153e-10
298609.403942495,1.05528598804102e-10
299609.403942495,1.05528598804102e-10
300609.403942495,1.05528598804102e-10
301609.403942495,1.05528598804102e-10
302609.403942495,7.50957070267484e-11
303609.403942495,7.50957070267484e-11
304609.403942495,7.50957070267484e-11
305609.403942495,7.50957070267484e-11
306609.403942495,7.50957070267484e-11
307609.403942495,5.31462095517877e-11
308609.403942495,5.31462095517877e-11
309609.403942495,5.31462095517877e-11
310609.403942495,5.31462095517877e-11
311609.403942495,3.74022770746692e-11
312609.403942495,3.74022770746692e-11
313609.403942495,3.74022770746692e-11
314609.403942495,3.74022770746692e-11
315609.403942495,2.61726463200645e-11
316609.403942495,2.61726463200645e-11
317609.403942495,2.61726463200645e-11
318609.403942495,2.61726463200645e-11
319609.403942495,1.82085608078226e-11
320609.403942495,1.82085608078226e-11
321609.403942495,1.82085608078226e-11
322609.403942495,1.82085608078226e-11
323609.403942495,1.82085608078226e-11
324609.403942495,1.25931766825879e-11
325609.403942495,1.25931766825879e-11
326609.403942495,1.25931766825879e-11
327609.403942495,1.25931766825879e-11
328609.403942495,1.25931766825879e-11
329609.403942495,8.65723109158924e-12
330609.403942495,8.65723109158924e-12
331609.403942495,8.65723109158924e-12
332609.403942495,8.65723109158924e-12
333609.403942495,5.91504492675608e-12
334609.403942495,5.91504492675608e-12
335609.403942495,5.91504492675608e-12
336609.403942495,5.91504492675608e-12
337609.403942495,5.91504492675608e-12
338609.403942495,4.01626722562163e-12
339609.403942495,4.01626722562163e-12
340609.403942495,4.01626722562163e-12
341609.403942495,4.01626722562163e-12
342609.403942495,4.01626722562163e-12
343609.403942495,2.70970331375467e-12
344609.403942495,2.70970331375467e-12
345609.403942495,2.70970331375467e-12
346609.403942495,2.70970331375467e-12
347609.403942495,1.81636610338189e-12
348609.403942495,1.81636610338189e-12
349609.403942495,1.81636610338189e-12
350609.403942495,1.81636610338189e-12
351609.403942495,1.81636610338189e-12
352609.403942495,1.20952338216789e-12
353609.403942495,1.20952338216789e-12
354609.403942495,1.20952338216789e-12
355609.403942495,1.20952338216789e-12
356609.403942495,1.20952338216789e-12
357609.403942495,8.00018242575982e-13
358609.403942495,8.00018242575982e-13
359609.403942495,8.00018242575982e-13
360609.403942495,8.00018242575982e-13
361609.403942495,8.00018242575982e-13
362609.403942495,8.00018242575982e-13
363609.403942495,5.25538362100622e-13
364609.403942495,5.25538362100622e-13
365609.403942495,5.25538362100622e-13
366609.403942495,5.25538362100622e-13
367609.403942495,5.25538362100622e-13
368609.403942495,3.42823815345643e-13
369609.403942495,3.42823815345643e-13
370609.403942495,3.42823815345643e-13
371609.403942495,3.42823815345643e-13
372609.403942495,3.42823815345643e-13
373609.403942495,2.22045060747355e-13
374609.403942495,2.22045060747355e-13
375609.403942495,2.22045060747355e-13
376609.403942495,2.22045060747355e-13
377609.403942495,2.22045060747355e-13
378609.403942495,2.22045060747355e-13
379609.403942495,1.42775945898065e-13
380609.403942495,1.42775945898065e-13
381609.403942495,1.42775945898065e-13
382609.403942495,1.42775945898065e-13
383609.403942495,1.42775945898065e-13
384609.403942495,9.11279639027195e-14
385609.403942495,9.11279639027195e-14
386609.403942495,9.11279639027195e-14
387609.403942495,9.11279639027195e-14
388609.403942495,9.11279639027195e-14
389609.403942495,9.11279639027195e-14
390609.403942495,5.77255838487958e-14
391609.403942495,5.77255838487958e-14
392609.403942495,5.77255838487958e-14
393609.403942495,5.77255838487958e-14
394609.403942495,5.77255838487958e-14
395609.403942495,3.62861532828222e-14
396609.403942495,3.62861532828222e-14
397609.403942495,3.62861532828222e-14
398609.403942495,3.62861532828222e-14
399609.403942495,3.62861532828222e-14
400609.403942495,3.62861532828222e-14
401609.403942495,2.26310025232422e-14
402609.403942495,2.26310025232422e-14
403609.403942495,2.26310025232422e-14
404609.403942495,2.26310025232422e-14
405609.403942495,2.26310025232422e-14
406609.403942495,2.26310025232422e-14
407609.403942495,1.40019867584533e-14
408609.403942495,1.40019867584533e-14
409609.403942495,1.40019867584533e-14
410609.403942495,1.40019867584533e-14
411609.403942495,1.40019867584533e-14
412609.403942495,1.40019867584533e-14
413609.403942495,8.59269975312567e-15
414609.403942495,8.59269975312567e-15
415609.403942495,8.59269975312567e-15
416609.403942495,8.59269975312567e-15
417609.403942495,8.59269975312567e-15
418609.403942495,8.59269975312567e-15
419609.403942495,5.22941413734693e-15
420609.403942495,5.22941413734693e-15
421609.403942495,5.22941413734693e-15
422609.403942495,5.22941413734693e-15
423609.403942495,5.22941413734693e-15
424609.403942495,5.22941413734693e-15
425609.403942495,3.15564160054331e-15
426609.403942495,3.15564160054331e-15
427609.403942495,3.15564160054331e-15
428609.403942495,3.15564160054331e-15
429609.403942495,3.15564160054331e-15
430609.403942495,3.15564160054331e-15
431609.403942495,3.15564160054331e-15
432609.403942495,1.88781446654766e-15
433609.403942495,1.88781446654766e-15
434609.403942495,1.88781446654766e-15
435609.403942495,1.88781446654766e-15
436609.403942495,1.88781446654766e-15
437609.403942495,1.88781446654766e-15
438609.403942495,1.1194170757009e-15
439609.403942495,1.1194170757009e-15
440609.403942495,1.1194170757009e-15
441609.403942495,1.1194170757009e-15
442609.403942495,1.1194170757009e-15
443609.403942495,1.1194170757009e-15
444609.403942495,1.1194170757009e-15
445609.403942495,6.5782076576467e-16
446609.403942495,6.5782076576467e-16
447609.403942495,6.5782076576467e-16
448609.403942495,6.5782076576467e-16
449609.403942495,6.5782076576467e-16
450609.403942495,6.5782076576467e-16
451609.403942495,6.5782076576467e-16
452609.403942495,3.8302430097506e-16
453609.403942495,3.8302430097506e-16
454609.403942495,3.8302430097506e-16
455609.403942495,3.8302430097506e-16
456609.403942495,3.8302430097506e-16
457609.403942495,3.8302430097506e-16
458609.403942495,3.8302430097506e-16
459609.403942495,2.20935846393596e-16
460609.403942495,2.20935846393596e-16
461609.403942495,2.20935846393596e-16
462609.403942495,2.20935846393596e-16
463609.403942495,2.20935846393596e-16
464609.403942495,2.20935846393596e-16
465609.403942495,2.20935846393596e-16
466609.403942495,1.26224317224084e-16
467609.403942495,1.26224317224084e-16
468609.403942495,1.26224317224084e-16
469609.403942495,1.26224317224084e-16
470609.403942495,1.26224317224084e-16
471609.403942495,1.26224317224084e-16
472609.403942495,1.26224317224084e-16
473609.403942495,7.14118941741507e-17
474609.403942495,7.14118941741507e-17
475609.403942495,7.14118941741507e-17
476609.403942495,7.14118941741507e-17
477609.403942495,7.14118941741507e-17
478609.403942495,7.14118941741507e-17
479609.403942495,7.14118941741507e-17
480609.403942495,4.00000162533686e-17
481609.403942495,4.00000162533686e-17
482609.403942495,4.00000162533686e-17
483609.403942495,4.00000162533686e-17
484609.403942495,4.00000162533686e-17
485609.403942495,4.00000162533686e-17
486609.403942495,4.00000162533686e-17
487609.403942495,2.21779264778696e-17
488609.403942495,2.21779264778696e-17
489609.403942495,2.21779264778696e-17
490609.403942495,2.21779264778696e-17
491609.403942495,2.21779264778696e-17
492609.403942495,2.21779264778696e-17
493609.403942495,2.21779264778696e-17
494609.403942495,2.21779264778696e-17
495609.403942495,1.21691291502206e-17
496609.403942495,1.21691291502206e-17
497609.403942495,1.21691291502206e-17
498609.403942495,1.21691291502206e-17
499609.403942495,1.21691291502206e-17
500609.403942495,1.21691291502206e-17
501609.403942495,1.21691291502206e-17
502609.403942495,1.21691291502206e-17
503609.403942495,6.60662969549549e-18
504609.403942495,6.60662969549549e-18
505609.403942495,6.60662969549549e-18
506609.403942495,6.60662969549549e-18
507609.403942495,6.60662969549549e-18
508609.403942495,6.60662969549549e-18
509609.403942495,6.60662969549549e-18
510609.403942495,6.60662969549549e-18
511609.403942495,3.54800187340623e-18
512609.403942495,3.54800187340623e-18
513609.403942495,3.54800187340623e-18
514609.403942495,3.54800187340623e-18
515609.403942495,3.54800187340623e-18
516609.403942495,3.54800187340623e-18
517609.403942495,3.54800187340623e-18
518609.403942495,3.54800187340623e-18
519609.403942495,1.88438627097006e-18
520609.403942495,1.88438627097006e-18
521609.403942495,1.88438627097006e-18
522609.403942495,1.88438627097006e-18
523609.403942495,1.88438627097006e-18
524609.403942495,1.88438627097006e-18
525609.403942495,1.88438627097006e-18
526609.403942495,1.88438627097006e-18
527609.403942495,9.89542026160889e-19
528609.403942495,9.89542026160889e-19
529609.403942495,9.89542026160889e-19
530609.403942495,9.89542026160889e-19
531609.403942495,9.89542026160889e-19
532609.403942495,9.89542026160889e-19
533609.403942495,9.89542026160889e-19
534609.403942495,9.89542026160889e-19
535609.403942495,5.13653061077382e-19
536609.403942495,5.13653061077382e-19
537609.403942495,5.13653061077382e-19
538609.403942495,5.13653061077382e-19
539609.403942495,5.13653061077382e-19
540609.403942495,5.13653061077382e-19
541609.403942495,5.13653061077382e-19
542609.403942495,5.13653061077382e-19
543609.403942495,5.13653061077382e-19
544609.403942495,2.6349169867922e-19
545609.403942495,2.6349169867922e-19
546609.403942495,2.6349169867922e-19
547609.403942495,2.6349169867922e-19
548609.403942495,2.6349169867922e-19
549609.403942495,2.6349169867922e-19
550609.403942495,2.6349169867922e-19
551609.403942495,2.6349169867922e-19
552609.403942495,2.6349169867922e-19
553609.403942495,1.33540311839659e-19
554609.403942495,1.33540311839659e-19
555609.403942495,1.33540311839659e-19
556609.403942495,1.33540311839659e-19
557609.403942495,1.33540311839659e-19
558609.403942495,1.33540311839659e-19
559609.403942495,1.33540311839659e-19
560609.403942495,1.33540311839659e-19
561609.403942495,6.68482371629137e-20
562609.403942495,6.68482371629137e-20
563609.403942495,6.68482371629137e-20
564609.403942495,6.68482371629137e-20
565609.403942495,6.68482371629137e-20
566609.403942495,6.68482371629137e-20
567609.403942495,6.68482371629137e-20
568609.403942495,6.68482371629137e-20
569609.403942495,6.68482371629137e-20
570609.403942495,6.68482371629137e-20
571609.403942495,3.3043036065977e-20
572609.403942495,3.3043036065977e-20
573609.403942495,3.3043036065977e-20
574609.403942495,3.3043036065977e-20
575609.403942495,3.3043036065977e-20
576609.403942495,3.3043036065977e-20
577609.403942495,3.3043036065977e-20
578609.403942495,3.3043036065977e-20
579609.403942495,3.3043036065977e-20
580609.403942495,1.61235019649362e-20
581609.403942495,1.61235019649362e-20
582609.403942495,1.61235019649362e-20
583609.403942495,1.61235019649362e-20
584609.403942495,1.61235019649362e-20
585609.403942495,1.61235019649362e-20
586609.403942495,1.61235019649362e-20
587609.403942495,1.61235019649362e-20
588609.403942495,1.61235019649362e-20
589609.403942495,7.764284059687e-21
590609.403942495,7.764284059687e-21
591609.403942495,7.764284059687e-21
592609.403942495,7.764284059687e-21
593609.403942495,7.764284059687e-21
594609.403942495,7.764284059687e-21
595609.403942495,7.764284059687e-21
596609.403942495,7.764284059687e-21
597609.403942495,7.764284059687e-21
598609.403942495,7.764284059687e-21
599609.403942495,3.68871871110711e-21
600609.403942495,3.68871871110711e-21
601609.403942495,3.68871871110711e-21
602609.403942495,3.68871871110711e-21
603609.403942495,3.68871871110711e-21
604609.403942495,3.68871871110711e-21
605609.403942495,3.68871871110711e-21
606609.403942495,3.68871871110711e-21
607609.403942495,3.68871871110711e-21
608609.403942495,3.68871871110711e-21
609609.403942495,1.72841206678456e-21
610609.403942495,1.72841206678456e-21
611609.403942495,1.72841206678456e-21
612609.403942495,1.72841206678456e-21
613609.403942495,1.72841206678456e-21
614609.403942495,1.72841206678456e-21
615609.403942495,1.72841206678456e-21
616609.403942495,1.72841206678456e-21
617609.403942495,1.72841206678456e-21
618609.403942495,1.72841206678456e-21
619609.403942495,7.9850590621944e-22
620609.403942495,7.9850590621944e-22
621609.403942495,7.9850590621944e-22
622609.403942495,7.9850590621944e-22
623609.403942495,7.9850590621944e-22
624609.403942495,7.9850590621944e-22
625609.403942495,7.9850590621944e-22
626609.403942495,7.9850590621944e-22
627609.403942495,7.9850590621944e-22
628609.403942495,7.9850590621944e-22
629609.403942495,7.9850590621944e-22
630609.403942495,3.63601179022902e-22
631609.403942495,3.63601179022902e-22
632609.403942495,3.63601179022902e-22
633609.403942495,3.63601179022902e-22
634609.403942495,3.63601179022902e-22
635609.403942495,3.63601179022902e-22
636609.403942495,3.63601179022902e-22
637609.403942495,3.63601179022902e-22
638609.403942495,3.63601179022902e-22
639609.403942495,3.63601179022902e-22
640609.403942495,1.63132890047546e-22
641609.403942495,1.63132890047546e-22
642609.403942495,1.63132890047546e-22
643609.403942495,1.63132890047546e-22
644609.403942495,1.63132890047546e-22
645609.403942495,1.63132890047546e-22
646609.403942495,1.63132890047546e-22
647609.403942495,1.63132890047546e-22
648609.403942495,1.63132890047546e-22
649609.403942495,1.63132890047546e-22
650609.403942495,1.63132890047546e-22
651609.403942495,7.20900051284961e-23
652609.403942495,7.20900051284961e-23
653609.403942495,7.20900051284961e-23
654609.403942495,7.20900051284961e-23
655609.403942495,7.20900051284961e-23
656609.403942495,7.20900051284961e-23
657609.403942495,7.20900051284961e-23
658609.403942495,7.20900051284961e-23
659609.403942495,7.20900051284961e-23
660609.403942495,7.20900051284961e-23
661609.403942495,7.20900051284961e-23
662609.403942495,3.1366729522805e-23
663609.403942495,3.1366729522805e-23
664609.403942495,3.1366729522805e-23
665609.403942495,3.1366729522805e-23
666609.403942495,3.1366729522805e-23
667609.403942495,3.1366729522805e-23
668609.403942495,3.1366729522805e-23
669609.403942495,3.1366729522805e-23
670609.403942495,3.1366729522805e-23
671609.403942495,3.1366729522805e-23
672609.403942495,3.1366729522805e-23
673609.403942495,1.34326705776578e-23
674609.403942495,1.34326705776578e-23
675609.403942495,1.34326705776578e-23
676609.403942495,1.34326705776578e-23
677609.403942495,1.34326705776578e-23
678609.403942495,1.34326705776578e-23
679609.403942495,1.34326705776578e-23
680609.403942495,1.34326705776578e-23
681609.403942495,1.34326705776578e-23
682609.403942495,1.34326705776578e-23
683609.403942495,1.34326705776578e-23
684609.403942495,1.34326705776578e-23
685609.403942495,5.65962600193416e-24
686609.403942495,5.65962600193416e-24
687609.403942495,5.65962600193416e-24
688609.403942495,5.65962600193416e-24
689609.403942495,5.65962600193416e-24
690609.403942495,5.65962600193416e-24
691609.403942495,5.65962600193416e-24
692609.403942495,5.65962600193416e-24
693609.403942495,5.65962600193416e-24
694609.403942495,5.65962600193416e-24
695609.403942495,5.65962600193416e-24
696609.403942495,5.65962600193416e-24
697609.403942495,2.34516268783039e-24
698609.403942495,2.34516268783039e-24
699609.403942495,2.34516268783039e-24
700609.403942495,2.34516268783039e-24
701609.403942495,2.34516268783039e-24
702609.403942495,2.34516268783039e-24
703609.403942495,2.34516268783039e-24
704609.403942495,2.34516268783039e-24
705609.403942495,2.34516268783039e-24
706609.403942495,2.34516268783039e-24
707609.403942495,2.34516268783039e-24
708609.403942495,2.34516268783039e-24
709609.403942495,9.55300564947056e-25
710609.403942495,9.55300564947056e-25
711609.403942495,9.55300564947056e-25
712609.403942495,9.55300564947056e-25
713609.403942495,9.55300564947056e-25
714609.403942495,9.55300564947056e-25
715609.403942495,9.55300564947056e-25
716609.403942495,9.55300564947056e-25
717609.403942495,9.55300564947056e-25
718609.403942495,9.55300564947056e-25
719609.403942495,9.55300564947056e-25
720609.403942495,9.55300564947056e-25
721609.403942495,9.55300564947056e-25
722609.403942495,3.82388628291944e-25
723609.403942495,3.82388628291944e-25
724609.403942495,3.82388628291944e-25
725609.403942495,3.82388628291944e-25
726609.403942495,3.82388628291944e-25
727609.403942495,3.82388628291944e-25
728609.403942495,3.82388628291944e-25
729609.403942495,3.82388628291944e-25
730609.403942495,3.82388628291944e-25
731609.403942495,3.82388628291944e-25
732609.403942495,3.82388628291944e-25
733609.403942495,3.82388628291944e-25
734609.403942495,1.50341054211593e-25
735609.403942495,1.50341054211593e-25
736609.403942495,1.50341054211593e-25
737609.403942495,1.50341054211593e-25
738609.403942495,1.50341054211593e-25
739609.403942495,1.50341054211593e-25
740609.403942495,1.50341054211593e-25
741609.403942495,1.50341054211593e-25
742609.403942495,1.50341054211593e-25
743609.403942495,1.50341054211593e-25
744609.403942495,1.50341054211593e-25
745609.403942495,1.50341054211593e-25
746609.403942495,1.50341054211593e-25
747609.403942495,5.80311540537959e-26
748609.403942495,5.80311540537959e-26
749609.403942495,5.80311540537959e-26
750609.403942495,5.80311540537959e-26
751609.403942495,5.80311540537959e-26
752609.403942495,5.80311540537959e-26
753609.403942495,5.80311540537959e-26
754609.403942495,5.80311540537959e-26
755609.403942495,5.80311540537959e-26
756609.403942495,5.80311540537959e-26
757609.403942495,5.80311540537959e-26
758609.403942495,5.80311540537959e-26
759609.403942495,5.80311540537959e-26
760609.403942495,5.80311540537959e-26
761609.403942495,2.19812461037178e-26
762609.403942495,2.19812461037178e-26
763609.403942495,2.19812461037178e-26
764609.403942495,2.19812461037178e-26
765609.403942495,2.19812461037178e-26
766609.403942495,2.19812461037178e-26
767609.403942495,2.19812461037178e-26
768609.403942495,2.19812461037178e-26
769609.403942495,2.19812461037178e-26
770609.403942495,2.19812461037178e-26
771609.403942495,2.19812461037178e-26
772609.403942495,2.19812461037178e-26
773609.403942495,2.19812461037178e-26
774609.403942495,2.19812461037178e-26
775609.403942495,8.16658061192387e-27
776609.403942495,8.16658061192387e-27
777609.403942495,8.16658061192387e-27
778609.403942495,8.16658061192387e-27
779609.403942495,8.16658061192387e-27
780609.403942495,8.16658061192387e-27
781609.403942495,8.16658061192387e-27
782609.403942495,8.16658061192387e-27
783609.403942495,8.16658061192387e-27
784609.403942495,8.16658061192387e-27
785609.403942495,8.16658061192387e-27
786609.403942495,8.16658061192387e-27
787609.403942495,8.16658061192387e-27
788609.403942495,8.16658061192387e-27
789609.403942495,2.97445174314937e-27
790609.403942495,2.97445174314937e-27
791609.403942495,2.97445174314937e-27
792609.403942495,2.97445174314937e-27
793609.403942495,2.97445174314937e-27
794609.403942495,2.97445174314937e-27
795609.403942495,2.97445174314937e-27
796609.403942495,2.97445174314937e-27
797609.403942495,2.97445174314937e-27
798609.403942495,2.97445174314937e-27
799609.403942495,2.97445174314937e-27
800609.403942495,2.97445174314937e-27
801609.403942495,2.97445174314937e-27
802609.403942495,2.97445174314937e-27
803609.403942495,1.06151537719274e-27
804609.403942495,1.06151537719274e-27
805609.403942495,1.06151537719274e-27
806609.403942495,1.06151537719274e-27
807609.403942495,1.06151537719274e-27
808609.403942495,1.06151537719274e-27
809609.403942495,1.06151537719274e-27
810609.403942495,1.06151537719274e-27
811609.403942495,1.06151537719274e-27
812609.403942495,1.06151537719274e-27
813609.403942495,1.06151537719274e-27
814609.403942495,1.06151537719274e-27
815609.403942495,1.06151537719274e-27
816609.403942495,1.06151537719274e-27
817609.403942495,1.06151537719274e-27
818609.403942495,3.70991797650218e-28
819609.403942495,3.70991797650218e-28
820609.403942495,3.70991797650218e-28
821609.403942495,3.70991797650218e-28
822609.403942495,3.70991797650218e-28
823609.403942495,3.70991797650218e-28
824609.403942495,3.70991797650218e-28
825609.403942495,3.70991797650218e-28
826609.403942495,3.70991797650218e-28
827609.403942495,3.70991797650218e-28
828609.403942495,3.70991797650218e-28
829609.403942495,3.70991797650218e-28
830609.403942495,3.70991797650218e-28
831609.403942495,3.70991797650218e-28
832609.403942495,3.70991797650218e-28
833609.403942495,1.26904817677743e-28
834609.403942495,1.26904817677743e-28
835609.403942495,1.26904817677743e-28
836609.403942495,1.26904817677743e-28
837609.403942495,1.26904817677743e-28
838609.403942495,1.26904817677743e-28
839609.403942495,1.26904817677743e-28
840609.403942495,1.26904817677743e-28
841609.403942495,1.26904817677743e-28
842609.403942495,1.26904817677743e-28
843609.403942495,1.26904817677743e-28
844609.403942495,1.26904817677743e-28
845609.403942495,1.26904817677743e-28
846609.403942495,1.26904817677743e-28
847609.403942495,1.26904817677743e-28
848609.403942495,1.26904817677743e-28
849609.403942495,4.24635030631304e-29
850609.403942495,4.24635030631304e-29
851609.403942495,4.24635030631304e-29
852609.403942495,4.24635030631304e-29
853609.403942495,4.24635030631304e-29
854609.403942495,4.24635030631304e-29
855609.403942495,4.24635030631304e-29
856609.403942495,4.24635030631304e-29
857609.403942495,4.24635030631304e-29
858609.403942495,4.24635030631304e-29
859609.403942495,4.24635030631304e-29
860609.403942495,4.24635030631304e-29
861609.403942495,4.24635030631304e-29
862609.403942495,4.24635030631304e-29
863609.403942495,4.24635030631304e-29
864609.403942495,4.24635030631304e-29
865609.403942495,1.38904385163698e-29
866609.403942495,1.38904385163698e-29
867609.403942495,1.38904385163698e-29
868609.403942495,1.38904385163698e-29
869609.403942495,1.38904385163698e-29
870609.403942495,1.38904385163698e-29
871609.403942495,1.38904385163698e-29
872609.403942495,1.38904385163698e-29
873609.403942495,1.38904385163698e-29
874609.403942495,1.38904385163698e-29
875609.403942495,1.38904385163698e-29
876609.403942495,1.38904385163698e-29
877609.403942495,1.38904385163698e-29
878609.403942495,1.38904385163698e-29
879609.403942495,1.38904385163698e-29
880609.403942495,1.38904385163698e-29
881609.403942495,4.43922326498995e-30
882609.403942495,4.43922326498995e-30
883609.403942495,4.43922326498995e-30
884609.403942495,4.43922326498995e-30
885609.403942495,4.43922326498995e-30
886609.403942495,4.43922326498995e-30
887609.403942495,4.43922326498995e-30
888609.403942495,4.43922326498995e-30
889609.403942495,4.43922326498995e-30
890609.403942495,4.43922326498995e-30
891609.403942495,4.43922326498995e-30
892609.403942495,4.43922326498995e-30
893609.403942495,4.43922326498995e-30
894609.403942495,4.43922326498995e-30
895609.403942495,4.43922326498995e-30
896609.403942495,4.43922326498995e-30
897609.403942495,4.43922326498995e-30
898609.403942495,1.38518445126289e-30
899609.403942495,1.38518445126289e-30
900609.403942495,1.38518445126289e-30
901609.403942495,1.38518445126289e-30
902609.403942495,1.38518445126289e-30
903609.403942495,1.38518445126289e-30
904609.403942495,1.38518445126289e-30
905609.403942495,1.38518445126289e-30
906609.403942495,1.38518445126289e-30
907609.403942495,1.38518445126289e-30
908609.403942495,1.38518445126289e-30
909609.403942495,1.38518445126289e-30
910609.403942495,1.38518445126289e-30
911609.403942495,1.38518445126289e-30
912609.403942495,1.38518445126289e-30
913609.403942495,1.38518445126289e-30
914609.403942495,1.38518445126289e-30
915609.403942495,1.38518445126289e-30
916609.403942495,4.21720484215757e-31
917609.403942495,4.21720484215757e-31
918609.403942495,4.21720484215757e-31
919609.403942495,4.21720484215757e-31
920609.403942495,4.21720484215757e-31
921609.403942495,4.21720484215757e-31
922609.403942495,4.21720484215757e-31
923609.403942495,4.21720484215757e-31
924609.403942495,4.21720484215757e-31
925609.403942495,4.21720484215757e-31
926609.403942495,4.21720484215757e-31
927609.403942495,4.21720484215757e-31
928609.403942495,4.21720484215757e-31
929609.403942495,4.21720484215757e-31
930609.403942495,4.21720484215757e-31
931609.403942495,4.21720484215757e-31
932609.403942495,4.21720484215757e-31
933609.403942495,4.21720484215757e-31
934609.403942495,1.25185138707579e-31
935609.403942495,1.25185138707579e-31
936609.403942495,1.25185138707579e-31
937609.403942495,1.25185138707579e-31
938609.403942495,1.25185138707579e-31
939609.403942495,1.25185138707579e-31
940609.403942495,1.25185138707579e-31
941609.403942495,1.25185138707579e-31
942609.403942495,1.25185138707579e-31
943609.403942495,1.25185138707579e-31
944609.403942495,1.25185138707579e-31
945609.403942495,1.25185138707579e-31
946609.403942495,1.25185138707579e-31
947609.403942495,1.25185138707579e-31
948609.403942495,1.25185138707579e-31
949609.403942495,1.25185138707579e-31
950609.403942495,1.25185138707579e-31
951609.403942495,1.25185138707579e-31
952609.403942495,3.620603375249e-32
953609.403942495,3.620603375249e-32
954609.403942495,3.620603375249e-32
955609.403942495,3.620603375249e-32
956609.403942495,3.620603375249e-32
957609.403942495,3.620603375249e-32
958609.403942495,3.620603375249e-32
959609.403942495,3.620603375249e-32
960609.403942495,3.620603375249e-32
961609.403942495,3.620603375249e-32
962609.403942495,3.620603375249e-32
963609.403942495,3.620603375249e-32
964609.403942495,3.620603375249e-32
965609.403942495,3.620603375249e-32
966609.403942495,3.620603375249e-32
967609.403942495,3.620603375249e-32
968609.403942495,3.620603375249e-32
969609.403942495,3.620603375249e-32
970609.403942495,3.620603375249e-32
971609.403942495,1.01944112120763e-32
972609.403942495,1.01944112120763e-32
973609.403942495,1.01944112120763e-32
974609.403942495,1.01944112120763e-32
975609.403942495,1.01944112120763e-32
976609.403942495,1.01944112120763e-32
977609.403942495,1.01944112120763e-32
978609.403942495,1.01944112120763e-32
979609.403942495,1.01944112120763e-32
980609.403942495,1.01944112120763e-32
981609.403942495,1.01944112120763e-32
982609.403942495,1.01944112120763e-32
983609.403942495,1.01944112120763e-32
984609.403942495,1.01944112120763e-32
985609.403942495,1.01944112120763e-32
986609.403942495,1.01944112120763e-32
987609.403942495,1.01944112120763e-32
988609.403942495,1.01944112120763e-32
989609.403942495,1.01944112120763e-32
990609.403942495,2.79226694232731e-33
991609.403942495,2.79226694232731e-33
992609.403942495,2.79226694232731e-33
993609.403942495,2.79226694232731e-33
994609.403942495,2.79226694232731e-33
995609.403942495,2.79226694232731e-33
996609.403942495,2.79226694232731e-33
997609.403942495,2.79226694232731e-33
998609.403942495,2.79226694232731e-33
999609.403942495,2.79226694232731e-33
