"X","Y","PE_before","PE_after","optimal_N_tau","N_min","ba_flag","PE_optimal","max_N_tau_before","max_N_tau_after"
0.05,0,0,0,120.199334855905,120.199334855905,0,0.997995953036643,120.199334855905,120.199334855905
0.1,0,0,0,140.681394146789,140.681394146789,0,0.997783851824478,140.681394146789,140.681394146789
0.15,0,0,0,164.063533569029,164.063533569029,0,0.997519576453121,164.063533569029,164.063533569029
0.2,0,0,0,191.072765891871,191.072765891871,0,0.997217530558647,191.072765891871,191.072765891871
0.25,0,0,10000,222.463701538599,222.463701538599,0,0.996885172538628,222.463701538599,10222.4637015386
0.3,0,0,9999.99999999999,259.102292583813,259.102292583813,0,0.996504301196545,259.102292583813,10259.1022925838
0.35,0,0,10000,302.01133040219,302.01133040219,0,0.996085802099376,302.01133040219,10302.0113304022
0.4,0,0,10000,352.411275381067,352.411275381067,0,0.995600414893187,352.411275381067,10352.4112753811
0.45,0,0,10000,411.772415436603,411.772415436603,0,0.995076690326751,411.772415436603,10411.7724154366
0.5,0,0,20000,481.869616295596,481.869616295596,0,0.994473585943531,481.869616295596,20481.8696162956
0.55,0,0,20000,564.853087707625,564.853087707625,0,0.993776872464421,564.853087707625,20564.8530877076
0.6,0,0,20000,663.333485629464,663.333485629464,0,0.992999927774369,663.333485629464,20663.3334856295
0.65,0,0,20000.0000000001,780.49095460325,780.49095460325,0,0.992100821993778,780.49095460325,20780.4909546033
0.7,0,0,20000,920.19108244171,920.19108244171,0,0.991094297377024,920.19108244171,20920.1910824417
0.75,0,0,20000,1087.17203244288,1087.17203244288,0,0.989923277221331,1087.17203244288,21087.1720324429
0.8,0,0,30000,1287.20692784625,1287.20692784625,0,0.988556416547707,1287.20692784625,31287.2069278463
0.85,0,0,30000,1527.36307372872,1527.36307372872,0,0.986953996944244,1527.36307372872,31527.3630737287
0.9,0,0,30000,1816.2955688393,1816.2955688393,0,0.985067829616607,1816.2955688393,31816.2955688393
0.95,0,0,30000,2164.60261091133,2164.60261091133,0,0.982837735460472,2164.60261091133,32164.6026109113
1,0,0,30000,2585.25176092371,2585.25176092371,0,0.980189367983529,2585.25176092371,32585.2517609237
1.05,0,0,30000,3094.04090813823,3094.04090813823,0,0.977105959859391,3094.04090813823,33094.0409081382
1.1,0,0,30000,3710.30100394623,3710.30100394623,0,0.973327295383309,3710.30100394623,33710.3010039462
1.15,0,0,30000,4457.49802846572,4457.49802846572,0,0.968775193749336,4457.49802846572,34457.4980284657
1.2,0,0,30000,5363.99340002363,5363.99340002363,0,0.963371819812375,5363.99340002363,35363.9934000236
1.25,0,0,30000,6463.9016386776,6463.9016386776,0,0.956683363101104,6463.9016386776,36463.9016386776
1.3,0,0,30000,7797.9273421171,7797.9273421171,0,0.948369998420462,7797.9273421171,37797.9273421171
1.35,0,0,30000,9414.11127533846,9414.11127533846,0,0.938310518155013,9414.11127533846,39414.1112753385
1.4,0,0,30000,11368.4646780327,11368.4646780327,0,0.925718518083671,11368.4646780327,41368.4646780327
1.45,0,0,30000,13725.0094756055,13725.0094756055,0,0.910105823295663,13725.0094756055,43725.0094756055
1.5,0,0,20000,16555.6095164116,16555.6095164116,0,0.890674276131272,16555.6095164116,36555.6095164116
1.55,0,0,20000,19938.3838827041,19938.3838827041,0,0.866110359902027,19938.3838827041,39938.3838827041
1.6,0,0,10000,23955.5223307267,23955.5223307267,0,0.834959070391941,23955.5223307267,33955.5223307267
1.65,0,0,0,28689.8427802244,28689.8427802244,0,0.795762875689149,0,0
1.7,0,0,0,44218.9712215085,34218.9712215085,1,0.754474443348289,0,0
1.75,0,0,0,50609.8497876913,40609.8497876913,1,0.701045878569368,0,0
1.8,0,0,0,57912.084876477,47912.084876477,1,0.630205947055418,0,0
1.85,0,0,0,66150.899363875,56150.899363875,1,0.535880404393442,0,0
1.9,0,0,0,85323.8715954918,65323.8715954918,1,0.410722493067223,0,0
1.95,0,0,0,115397.653519728,75397.6535197277,1,0.243005053852085,0,0
2,0,0,0,246309.408551134,86309.4085511341,1,0.0289676085975848,0,0
2.05,0,0,0,467970.58544575,97970.5854457503,1,8.11354832849874e-06,0,0
2.1,0,0,0,370273.842189558,110273.842189558,1,5.5295203527122e-10,0,0
2.15,0,0,0,313099.830916443,123099.830916443,1,4.55213121343003e-14,0,0
2.2,0,0,0,276326.200790802,136326.200790802,1,5.24083265970793e-18,0,0
2.25,0,0,0,259832.732997196,149832.732997196,1,8.64215131817358e-22,0,0
2.3,0,0,0,253507.848917739,163507.848917739,1,2.03198029955316e-25,0,0
2.35,0,0,0,247251.706075098,177251.706075098,1,6.72098542706767e-29,0,0
2.4,0,0,0,250977.593345424,190977.593345424,1,3.07649676846133e-32,0,0
2.45,0,0,0,264612.69905984,204612.69905984,1,1.9161200284292e-35,0,0
2.5,0,0,0,268097.771632728,218097.771632728,1,1.59694516450445e-38,0,0
2.55,0,0,0,281385.409996186,231385.409996186,1,1.75263124527136e-41,0,0
2.6,0,0,0,294439.456841257,244439.456841257,1,2.49471866907024e-44,0,0
2.65,0,0,0,297232.706410389,257232.706410389,1,4.5415050595535e-47,0,0
2.7,0,0,0,309745.770299578,269745.770299578,1,1.0435561438178e-49,0,0
2.75,0,0,0,321965.710444581,281965.710444581,1,2.98858936151736e-52,0,0
2.8,0,0,0,333884.768734221,293884.768734221,1,1.05445467381652e-54,0,0
2.85,0,0,0,345499.094847849,305499.094847849,1,4.53398466416268e-57,0,0
2.9,0,0,0,356808.358111238,316808.358111238,1,2.35193558144239e-59,0,0
2.95,0,0,0,367814.615236216,327814.615236216,1,1.4579822999267e-61,0,0
3,0,0,0,378521.856744574,338521.856744574,1,1.07056099039941e-63,0,0
0.1,0.05,490000,490000,101.266012075541,101.266012075541,0,1,490101.266012076,490101.266012076
0.15,0.05,0,0,120.693680035262,120.693680035262,0,0.999232240895685,120.693680035262,120.693680035262
0.2,0.05,0,0,141.776865873982,141.776865873982,0,0.998761208856922,141.776865873982,141.776865873982
0.25,0.05,0,10000,165.941544105603,165.941544105603,0,0.998376863691739,165.941544105603,10165.9415441056
0.3,0.05,0,9999.99999999997,193.967484604229,193.967484604229,0,0.998015525389802,193.967484604229,10193.9674846042
0.35,0.05,0,10000,226.674110984266,226.674110984266,0,0.997649100218441,226.674110984266,10226.6741109843
0.4,0.05,0,10000,265.008452067183,265.008452067183,0,0.997261872427164,265.008452067183,10265.0084520672
0.45,0.05,0,10000,310.095009842859,310.095009842859,0,0.996847065150688,310.095009842859,10310.0950098429
0.5,0.05,0,20000,363.285536213335,363.285536213335,0,0.996380352220746,363.285536213335,20363.2855362133
0.55,0.05,0,20000,426.210710128957,426.210710128957,0,0.995874335533165,426.210710128957,20426.210710129
0.6,0.05,0,20000,500.857686710569,500.857686710569,0,0.995297147004441,500.857686710569,20500.8576867106
0.65,0.05,0,20000,589.640774970789,589.640774970789,0,0.994651143426705,589.640774970789,20589.6407749708
0.7,0.05,0,20000,695.505887664721,695.505887664721,0,0.993906204526374,695.505887664721,20695.5058876647
0.75,0.05,0,20000,822.057727996249,822.057727996249,0,0.993042348272576,822.057727996249,20822.0577279962
0.8,0.05,0,30000,973.715703320195,973.715703320195,0,0.992060679495567,973.715703320195,30973.7157033202
0.85,0.05,0,30000,1155.89771470162,1155.89771470162,0,0.990912648818328,1155.89771470162,31155.8977147016
0.9,0.05,0,30000,1375.25539892332,1375.25539892332,0,0.989562765867999,1375.25539892332,31375.2553989233
0.95,0.05,0,30000.0000000001,1639.97072771845,1639.97072771845,0,0.987968375812104,1639.97072771845,31639.9707277185
1,0.05,0,30000,1960.10949759625,1960.10949759625,0,0.986074622419511,1960.10949759625,31960.1094975963
1.05,0.05,0,30000,2348.04898791684,2348.04898791684,0,0.983814063642958,2348.04898791684,32348.0489879168
1.1,0.05,0,30000,2818.9373225095,2818.9373225095,0,0.981152487843332,2818.9373225095,32818.9373225095
1.15,0.05,0,30000,3391.43564591466,3391.43564591466,0,0.977888434348741,3391.43564591466,33391.4356459147
1.2,0.05,0,30000,4088.28243216549,4088.28243216549,0,0.973994731298788,4088.28243216549,34088.2824321655
1.25,0.05,10000.0000000001,30000.0000000001,4937.15886896525,4937.15886896525,0,0.969179187122798,14937.1588689653,34937.1588689653
1.3,0.05,10000,30000,5971.62101514419,5971.62101514419,0,0.963277775896129,15971.6210151442,35971.6210151442
1.35,0.05,9999.99999999999,30000,7231.93355825571,7231.93355825571,0,0.95600734638591,17231.9335582557,37231.9335582557
1.4,0.05,10000,30000,8766.01365247498,8766.01365247498,0,0.947005353287011,18766.013652475,38766.013652475
1.45,0.05,0,30000,10629.9764779616,10629.9764779616,0,0.935669452525787,10629.9764779616,40629.9764779616
1.5,0.05,0,30000,12888.8112451242,12888.8112451242,0,0.921482938447898,12888.8112451242,42888.8112451242
1.55,0.05,0,30000,15615.8568844289,15615.8568844289,0,0.903457824476918,15615.8568844289,45615.8568844289
1.6,0.05,0,20000,18891.6572197699,18891.6572197699,0,0.880689621124237,18891.6572197699,38891.6572197699
1.65,0.05,0,20000,22801.8260963842,22801.8260963842,0,0.851835104482761,22801.8260963842,42801.8260963842
1.7,0.05,0,10000,27433.3555708065,27433.3555708065,0,0.814473146057453,27433.3555708065,37433.3555708065
1.75,0.05,0,0,42868.7847453952,32868.7847453952,1,0.771416837456289,0,0
1.8,0.05,0,0,49180.3193257448,39180.3193257448,1,0.719949088112486,0,0
1.85,0.05,0,0,56422.2554945724,46422.2554945724,1,0.651035073464607,0,0
1.9,0.05,0,0,64624.4417166747,54624.4417166747,1,0.558169420894102,0,0
1.95,0.05,0,0,83786.1966607732,63786.1966607732,1,0.432151743381872,0,0
2,0.05,0,0,103875.092239297,73875.0922392966,1,0.260602103803773,0,0
2.05,0.05,0,0,244826.66246,84826.6624599995,1,0.0332043203805334,0,0
2.1,0.05,0,0,456549.328321735,96549.328321735,1,1.18876117917699e-05,0,0
2.15,0.05,0,0,348931.083750559,108931.083750559,1,1.07226139754763e-09,0,0
2.2,0.05,0,0,291847.909495046,121847.909495046,1,1.14768208215115e-13,0,0
2.25,0.05,0,0,265172.01463891,135172.01463891,1,1.6819308505976e-17,0,0
2.3,0.05,0,0,248779.150620123,148779.150620123,1,3.45855325026323e-21,0,0
2.35,0.05,0,0,242553.894738471,162553.894738471,1,9.94720927898437e-25,0,0
2.4,0.05,0,0,236393.440631559,176393.440631559,1,3.95365500545041e-28,0,0
2.45,0.05,0,0,240209.370855684,190209.370855684,1,2.13962779051925e-31,0,0
2.5,0.05,0,0,253927.766955225,203927.766955225,1,1.55243256650048e-34,0,0
2.55,0.05,0,0,257488.689440565,217488.689440565,1,1.48651033027272e-37,0,0
2.6,0.05,0,0,270844.907934746,230844.907934746,1,1.85186075574557e-40,0,0
2.65,0.05,0,0,283960.202741424,243960.202741423,1,2.95839021056034e-43,0,0
2.7,0.05,0,0,296807.869853351,256807.869853351,1,5.98159876635571e-46,0,0
2.75,0.05,0,0,309369.114689156,269369.114689156,1,1.51186612223348e-48,0,0
2.8,0.05,0,0,321631.563564807,281631.563564807,1,4.72188401593338e-51,0,0
2.85,0.05,0,0,333587.973739943,293587.973739943,1,1.8025095242218e-53,0,0
2.9,0.05,0,0,345235.284108113,305235.284108113,1,8.32587277585133e-56,0,0
2.95,0.05,0,0,346573.37254528,316573.37254528,1,4.60886613886296e-58,0,0
3,0.05,0,0,357604.982526976,327604.982526976,1,3.03063392667365e-60,0,0
0.2,0.1,490000,490000,101.282452183114,101.282452183114,0,1,490101.282452183,490101.282452183
0.25,0.1,9999.99999999997,9999.99999999997,121.21441399423,121.21441399423,0,0.999531862358832,10121.2144139942,10121.2144139942
0.3,0.1,0,9999.99999999999,142.935562579108,142.935562579108,0,0.999161253110351,142.935562579108,10142.9355625791
0.35,0.1,0,9999.99999999999,167.93624443201,167.93624443201,0,0.998822464415821,167.93624443201,10167.936244432
0.4,0.1,0,9999.99999999998,197.05513737942,197.05513737942,0,0.998490489180074,197.05513737942,10197.0551373794
0.45,0.1,0,10000,231.184964021758,231.184964021758,0,0.998151556711217,231.184964021758,10231.1849640218
0.5,0.1,0,20000,271.362935001313,271.362935001313,0,0.997789700026828,271.362935001313,20271.3629350013
0.55,0.1,0,20000,318.831616154346,318.831616154346,0,0.9973991319297,318.831616154346,20318.8316161543
0.6,0.1,0,20000,375.088877939768,375.088877939768,0,0.996962382773009,375.088877939768,20375.0888779398
0.65,0.1,0,20000,441.95757808454,441.95757808454,0,0.996481682436506,441.95757808454,20441.9575780845
0.7,0.1,0,20000,521.664650744945,521.664650744945,0,0.995933535112519,521.664650744945,20521.6646507449
0.75,0.1,0,20000,616.931865706377,616.931865706377,0,0.995313178511994,616.931865706377,20616.9318657064
0.8,0.1,0,30000,731.101978539703,731.101978539703,0,0.994595464763047,731.101978539703,30731.1019785397
0.85,0.1,0,30000,868.286801298398,868.286801298398,0,0.993773041410506,868.286801298398,30868.2868012984
0.9,0.1,0,30000,1033.53936754286,1033.53936754286,0,0.992793790448689,1033.53936754286,31033.5393675429
0.95,0.1,0,30000,1233.10702089113,1233.10702089113,0,0.991656925581923,1233.10702089113,31233.1070208911
1,0.1,0,30000,1474.69884048876,1474.69884048876,0,0.990309426131127,1474.69884048876,31474.6988404888
1.05,0.1,0,30000,1767.81853847427,1767.81853847427,0,0.98872713719776,1767.81853847427,31767.8185384743
1.1,0.1,0,30000,2124.24142588099,2124.24142588099,0,0.986804177476693,2124.24142588099,32124.241425881
1.15,0.1,9999.99999999996,30000,2558.48474767574,2558.48474767574,0,0.984516370060351,12558.4847476757,32558.4847476757
1.2,0.1,9999.99999999997,30000,3088.42318708943,3088.42318708943,0,0.981707611073776,13088.4231870894,33088.4231870894
1.25,0.1,9999.99999999996,30000,3736.09866368034,3736.09866368034,0,0.978321976962783,13736.0986636803,33736.0986636803
1.3,0.1,10000,40000,4528.40294253069,4528.40294253069,0,0.974123535636355,14528.4029425307,44528.4029425307
1.35,0.1,9999.99999999996,40000,5498.23171765874,5498.23171765874,0,0.968941171545306,15498.2317176587,45498.2317176587
1.4,0.1,10000,30000,6685.30316176866,6685.30316176866,0,0.962508478711624,16685.3031617687,36685.3031617687
1.45,0.1,10000,30000.0000000001,8137.22438247835,8137.22438247835,0,0.954479584312416,18137.2243824784,38137.2243824784
1.5,0.1,10000,30000,9910.33954604896,9910.33954604896,0,0.944306167421132,19910.339546049,39910.339546049
1.55,0.1,10000,30000,12070.2138644238,12070.2138644238,0,0.93145859048668,22070.2138644238,42070.2138644238
1.6,0.1,0,30000,14691.5858067471,14691.5858067471,0,0.915158894652878,14691.5858067471,44691.5858067471
1.65,0.1,0,30000,17857.5287894011,17857.5287894011,0,0.894204378816461,17857.5287894011,47857.5287894011
1.7,0.1,0,20000,21657.0684582084,21657.0684582084,0,0.867134568947913,21657.0684582084,41657.0684582084
1.75,0.1,0,10000,26181.2819209026,26181.2819209026,0,0.832303104939853,26181.2819209026,36181.2819209026
1.8,0.1,0,0,41518.2709269245,31518.2709269245,1,0.787404803370523,0,0
1.85,0.1,0,0,47745.7130637602,37745.7130637602,1,0.738369528518455,0,0
1.9,0.1,0,0,54923.2915101674,44923.2915101674,1,0.671757100494021,0,0
1.95,0.1,0,0,63085.0941268532,53085.0941268532,1,0.580589556998894,0,0
2,0.1,0,0,82233.5030361097,62233.5030361097,1,0.45413629163267,0,0
2.05,0.1,0,0,102336.431344202,72336.4313442017,1,0.279386098071244,0,0
2.1,0.1,0,0,233328.246403618,83328.246403618,1,0.0381553842229662,0,0
2.15,0.1,0,0,435113.812736109,95113.8127361088,1,1.76196354757546e-05,0,0
2.2,0.1,0,0,337576.248618217,107576.248618217,1,2.12312637905429e-09,0,0
2.25,0.1,0,0,280586.491864389,120586.491864389,1,2.97936789716814e-13,0,0
2.3,0.1,0,0,254011.089522023,134011.089522023,1,5.59912577949725e-17,0,0
2.35,0.1,0,0,237721.304213048,147721.304213048,1,1.44508316899344e-20,0,0
2.4,0.1,0,0,231597.904898401,161597.904898401,1,5.1128882270131e-24,0,0
2.45,0.1,0,0,235535.089105353,175535.089105353,1,2.45409780377267e-27,0,0
2.5,0.1,0,0,239442.712856315,189442.712856315,1,1.5771395178403e-30,0,0
2.55,0.1,0,0,243245.482444004,203245.482444004,1,1.33783670734223e-33,0,0
2.6,0.1,0,0,256883.099514614,216883.099514614,1,1.47695693732757e-36,0,0
2.65,0.1,0,0,260308.289837004,230308.289837004,1,2.09327681397858e-39,0,0
2.7,0.1,0,0,273485.109915107,243485.109915107,1,3.76217293685038e-42,0,0
2.75,0.1,0,0,286387.333147371,256387.333147371,1,8.46661403608673e-45,0,0
2.8,0.1,0,0,298996.790782353,268996.790782353,1,2.35865467135068e-47,0,0
2.85,0.1,0,0,311301.592153168,281301.592153168,1,8.04702833447418e-50,0,0
2.9,0.1,0,0,323295.237973698,293295.237973698,1,3.32841255429808e-52,0,0
2.95,0.1,0,0,334975.131312841,304975.131312841,1,1.6532709753891e-54,0,0
3,0.1,0,0,346341.940158967,316341.940158967,1,9.77445418607882e-57,0,0
0.35,0.15,10000,10000,121.76364668549,121.76364668549,0,0.999660974376045,10121.7636466855,10121.7636466855
0.4,0.15,9999.99999999998,9999.99999999998,144.163321400123,144.163321400123,0,0.999364193966207,10144.1633214001,10144.1633214001
0.45,0.15,0,9999.99999999997,170.058918669531,170.058918669531,0,0.999076859013334,170.058918669531,10170.0589186695
0.5,0.15,0,20000,200.355654341158,200.355654341158,0,0.998784883172708,200.355654341158,20200.3556543412
0.55,0.15,0,20000,236.027615661333,236.027615661333,0,0.998477924452312,236.027615661333,20236.0276156613
0.6,0.15,0,20000,278.217605417836,278.217605417836,0,0.998146934776311,278.217605417836,20278.2176054178
0.65,0.15,0,20000,328.298353000243,328.298353000243,0,0.997784512862645,328.298353000243,20328.2983530002
0.7,0.15,0,20000,387.941107948156,387.941107948156,0,0.997380929777748,387.941107948156,20387.9411079482
0.75,0.15,0,20000,459.188335478899,459.188335478899,0,0.996926652690514,459.188335478899,20459.1883354789
0.8,0.15,0,30000,544.544844427347,544.544844427347,0,0.996405715487583,544.544844427347,30544.5448444273
0.85,0.15,0,30000,647.09705966409,647.09705966409,0,0.995808916856014,647.09705966409,30647.0970596641
0.9,0.15,0,30000,770.65196049107,770.65196049107,0,0.995113557007683,770.65196049107,30770.6519604911
0.95,0.15,0,30000,919.914444916993,919.914444916993,0,0.994305873675614,919.914444916993,30919.914444917
1,0.15,10000,30000,1100.71563432509,1100.71563432509,0,0.993352016168721,11100.7156343251,31100.7156343251
1.05,0.15,10000,30000,1320.280373021,1320.280373021,0,0.992218080573526,11320.280373021,31320.280373021
1.1,0.15,9999.99999999998,30000,1587.58282437152,1587.58282437152,0,0.990861039870987,11587.5828243715,31587.5828243715
1.15,0.15,9999.99999999998,30000,1913.76552643762,1913.76552643762,0,0.9892425084966,11913.7655264376,31913.7655264376
1.2,0.15,10000.0000000001,40000.0000000001,2312.63130071435,2312.63130071435,0,0.987264568726692,12312.6313007144,42312.6313007144
1.25,0.15,9999.99999999998,40000,2801.34744458632,2801.34744458632,0,0.984873601892591,12801.3474445863,42801.3474445863
1.3,0.15,9999.99999999999,40000,3401.07704686441,3401.07704686441,0,0.981917131607344,13401.0770468644,43401.0770468644
1.35,0.15,10000,40000,4138.0044308112,4138.0044308112,0,0.978295994824804,14138.0044308112,44138.0044308112
1.4,0.15,9999.99999999995,39999.9999999999,5044.13733132965,5044.13733132965,0,0.973764830737575,15044.1373313296,45044.1373313296
1.45,0.15,9999.99999999999,40000,6158.60668417751,6158.60668417751,0,0.968099331671673,16158.6066841775,46158.6066841775
1.5,0.15,9999.99999999999,40000,7528.59952597711,7528.59952597711,0,0.960973117340685,17528.5995259771,47528.5995259771
1.55,0.15,9999.99999999998,40000,9210.44213880612,9210.44213880612,0,0.951886595464565,19210.4421388061,49210.4421388061
1.6,0.15,10000,30000,11270.2341764674,11270.2341764674,0,0.940400014605344,21270.2341764674,41270.2341764674
1.65,0.15,10000,30000,13784.0504759471,13784.0504759471,0,0.925485477084465,23784.0504759471,43784.0504759471
1.7,0.15,0,30000,16837.2865877356,16837.2865877356,0,0.906264619238188,16837.2865877356,46837.2865877356
1.75,0.15,0,20000,20522.3132626231,20522.3132626231,0,0.881388832374482,20522.3132626231,40522.3132626231
1.8,0.15,0,20000,24934.9077737738,24934.9077737738,0,0.848597177457377,24934.9077737738,44934.9077737738
1.85,0.15,0,10000,30168.4456447988,30168.4456447988,0,0.805733967250608,30168.4456447988,40168.4456447988
1.9,0.15,0,0,46306.7155864868,36306.7155864868,1,0.75594869579351,0,0
1.95,0.15,0,0,53415.2086431553,43415.2086431553,1,0.691935771377821,0,0
2,0.15,0,0,61532.8450801198,51532.8450801198,1,0.602954197048969,0,0
2.05,0.15,0,0,70665.251801072,60665.251801072,1,0.476764152438481,0,0
2.1,0.15,0,0,100781.239175261,70781.2391752609,1,0.299230306234501,0,0
2.15,0.15,0,0,231813.471169815,81813.4711698147,1,0.0438919469097701,0,0
2.2,0.15,0,0,423663.397589214,93663.3975892144,1,2.63033682137645e-05,0,0
2.25,0.15,0,0,326208.875278991,106208.875278991,1,4.26062896040514e-09,0,0
2.3,0.15,0,0,269315.145475058,119315.145475058,1,7.88431580683941e-13,0,0
2.35,0.15,0,0,242843.220596945,132843.220596945,1,1.91008126957246e-16,0,0
2.4,0.15,0,0,226659.371307779,146659.371307779,1,6.21676976026409e-20,0,0
2.45,0.15,0,0,220640.138063175,160640.138063175,1,2.71733704974787e-23,0,0
2.5,0.15,0,0,224677.049254004,174677.049254004,1,1.58122742186941e-26,0,0
2.55,0.15,0,0,228677.739951265,188677.739951265,1,1.21068115381593e-29,0,0
2.6,0.15,0,0,242566.078261373,202566.078261373,1,1.20408401811636e-32,0,0
2.65,0.15,0,0,246281.202300801,216281.202300801,1,1.53694262579333e-35,0,0
2.7,0.15,0,0,259775.91222182,229775.91222182,1,2.48576206948586e-38,0,0
2.75,0.15,0,0,273014.439226669,243014.439226669,1,5.03483959456507e-41,0,0
2.8,0.15,0,0,285971.333411528,255971.333411528,1,1.26311020214642e-43,0,0
2.85,0.15,0,0,298628.86609864,268628.86609864,1,3.88378955064676e-46,0,0
2.9,0.15,0,0,310975.934386905,280975.934386905,1,1.44916821554544e-48,0,0
2.95,0.15,0,0,323006.63131609,293006.63131609,1,6.50168972890517e-51,0,0
3,0.15,0,0,334718.965043542,304718.965043542,1,3.47625375516776e-53,0,0
0.4,0.2,490000.000000001,490000.000000001,101.317122239514,101.317122239514,0,1,490101.31712224,490101.31712224
0.45,0.2,20000,9999.99999999997,122.34390951903,122.34390951903,0,0.999731869672057,20122.343909519,10122.343909519
0.5,0.2,10000,20000,145.4664385379,145.4664385379,0,0.999484930684089,10145.4664385379,20145.4664385379
0.55,0.2,9999.99999999999,20000,172.322865440409,172.322865440409,0,0.99923654557234,10172.3228654404,20172.3228654404
0.6,0.2,10000,20000,203.891911372,203.891911372,0,0.998977829902844,10203.891911372,20203.891911372
0.65,0.2,10000,20000,241.241175926277,241.241175926277,0,0.998700554669317,10241.2411759263,20241.2411759263
0.7,0.2,10000,20000,285.631124857362,285.631124857362,0,0.998397732807237,10285.6311248574,20285.6311248574
0.75,0.2,0,30000,338.589628758885,338.589628758885,0,0.998061266002951,338.589628758885,30338.5896287589
0.8,0.2,9999.99999999999,30000,401.983518362205,401.983518362205,0,0.997682158726828,10401.9835183622,30401.9835183622
0.85,0.2,10000,30000,478.109181008803,478.109181008803,0,0.997248267775216,10478.1091810088,30478.1091810088
0.9,0.2,10000,30000,569.802644454165,569.802644454165,0,0.996751339235293,10569.8026444542,30569.8026444542
0.95,0.2,10000,30000,680.576187295184,680.576187295184,0,0.996172586948415,10680.5761872952,30680.5761872952
1,0.2,9999.99999999999,30000,814.787416280212,814.787416280212,0,0.995492471763807,10814.7874162802,30814.7874162802
1.05,0.2,9999.99999999997,30000,977.854144948433,977.854144948433,0,0.99469184788299,10977.8541449484,30977.8541449484
1.1,0.2,10000,40000,1176.529330669,1176.529330669,0,0.993737251148547,11176.529330669,41176.529330669
1.15,0.2,10000,40000,1419.23301665236,1419.23301665236,0,0.992591395013166,11419.2330166524,41419.2330166524
1.2,0.2,9999.99999999998,40000,1716.46506208382,1716.46506208382,0,0.991213881271329,11716.4650620838,41716.4650620838
1.25,0.2,9999.99999999997,40000,2081.33723282413,2081.33723282413,0,0.989528760033765,12081.3372328241,42081.3372328241
1.3,0.2,10000,40000,2530.19430282816,2530.19430282816,0,0.987475425240299,12530.1943028282,42530.1943028282
1.35,0.2,9999.99999999999,40000,3083.39556423751,3083.39556423751,0,0.984929478473865,13083.3955642375,43083.3955642375
1.4,0.2,10000,40000,3766.16432662248,3766.16432662248,0,0.981784500003003,13766.1643266225,43766.1643266225
1.45,0.2,9999.99999999999,40000,4609.74923388731,4609.74923388731,0,0.977832883455523,14609.7492338873,44609.7492338873
1.5,0.2,9999.99999999999,40000,5652.43646128901,5652.43646128901,0,0.972886378572553,15652.436461289,45652.436461289
1.55,0.2,10000,40000,6940.87999573989,6940.87999573989,0,0.966589493413745,16940.8799957399,46940.8799957399
1.6,0.2,10000,40000,8531.19787168508,8531.19787168508,0,0.958510743422901,18531.1978716851,48531.1978716851
1.65,0.2,10000,40000,10489.9718854788,10489.9718854788,0,0.948193624218661,20489.9718854788,50489.9718854788
1.7,0.2,10000,30000,12894.3954583944,12894.3954583944,0,0.934711843631346,22894.3954583944,42894.3954583944
1.75,0.2,10000,30000,15832.1067044238,15832.1067044238,0,0.917166890204137,25832.1067044238,45832.1067044238
1.8,0.2,0,30000,19398.8347334031,19398.8347334031,0,0.8942257613171,19398.8347334031,49398.8347334031
1.85,0.2,0,20000,23695.1514166481,23695.1514166481,0,0.863704323605274,23695.1514166481,43695.1514166481
1.9,0.2,0,10000,28820.0435944218,28820.0435944218,0,0.823342984207076,28820.0435944218,38820.0435944218
1.95,0.2,0,0,44863.7934141706,34863.7934141706,1,0.773258617734945,0,0
2,0.2,0,0,51898.2749707284,41898.2749707284,1,0.711876055872033,0,0
2.05,0.2,0,0,59967.7386197303,49967.7386197303,1,0.625171688586306,0,0
2.1,0.2,0,0,69081.3069338897,59081.3069338897,1,0.500270395941506,0,0
2.15,0.2,0,0,99209.1233129409,69209.1233129409,1,0.32005475447712,0,0
2.2,0.2,0,0,220282.025415895,80282.0254158946,1,0.05048291055352,0,0
2.25,0.2,0,0,402197.63151022,92197.6315102204,1,3.94046765572341e-05,0,0
2.3,0.2,0,0,304828.737454097,104828.737454097,1,8.61227386130643e-09,0,0
2.35,0.2,0,0,258033.964594127,118033.964594127,1,2.10909613122078e-12,0,0
2.4,0.2,0,0,231668.575557904,131668.575557904,1,6.60941761346216e-16,0,0
2.45,0.2,0,0,215593.37701388,145593.37701388,1,2.72135005782623e-19,0,0
2.5,0.2,0,0,209680.847811865,159680.847811865,1,1.47378780426511e-22,0,0
2.55,0.2,0,0,213819.485968874,173819.485968874,1,1.04253131947828e-25,0,0
2.6,0.2,0,0,227914.898770313,187914.898770313,1,9.53290397552917e-29,0,0
2.65,0.2,0,0,231889.924642143,201889.924642143,1,1.11501004768444e-31,0,0
2.7,0.2,0,0,245683.379373038,215683.379373038,1,1.64827859628396e-34,0,0
2.75,0.2,0,0,259247.9096793,229247.9096793,1,3.04650245648496e-37,0,0
2.8,0.2,0,0,262548.534740698,242548.534740698,1,6.96991242072383e-40,0,0
2.85,0.2,0,0,275560.021907381,255560.021907381,1,1.95330736764372e-42,0,0
2.9,0.2,0,0,288265.647781016,268265.647781016,1,6.64112873041893e-45,0,0
2.95,0.2,0,0,300654.777931771,280654.777931771,1,2.7148085020833e-47,0,0
3,0.2,0,0,312722.227182423,292722.227182423,1,1.32295165667624e-49,0,0
0.5,0.25,490000,490000,101.335427518009,101.335427518009,0,1,490101.335427518,490101.335427518
0.55,0.25,30000,20000,122.957911541397,122.957911541397,0,0.99977660340032,30122.9579115414,20122.9579115414
0.6,0.25,20000,20000,146.852259901484,146.852259901484,0,0.999563741512904,20146.8522599015,20146.8522599015
0.65,0.25,9999.99999999998,20000,174.741867322321,174.741867322321,0,0.999344561091333,10174.7418673223,20174.7418673223
0.7,0.25,10000,20000,207.689701437268,207.689701437268,0,0.999111630831624,10207.6897014373,20207.6897014373
0.75,0.25,9999.99999999997,30000,246.867779119834,246.867779119834,0,0.99885776573341,10246.8677791198,30246.8677791198
0.8,0.25,10000,30000,293.673261996377,293.673261996377,0,0.998576733420083,10293.6732619964,30293.6732619964
0.85,0.25,9999.99999999995,30000,349.810466362647,349.810466362647,0,0.99826047596596,10349.8104663626,30349.8104663626
0.9,0.25,9999.99999999997,30000,417.375640958027,417.375640958027,0,0.997900226137165,10417.375640958,30417.375640958
0.95,0.25,10000,30000,498.964054147666,498.964054147666,0,0.997484937777687,10498.9640541477,30498.9640541477
1,0.25,10000,30000,597.801401956264,597.801401956264,0,0.997001410783037,10597.8014019563,30597.8014019563
1.05,0.25,10000,30000,717.898970099488,717.898970099488,0,0.996434598862221,10717.8989700995,30717.8989700995
1.1,0.25,9999.99999999998,40000,864.275169998818,864.275169998818,0,0.995761492097991,10864.2751699988,40864.2751699988
1.15,0.25,10000,40000,1043.20643381156,1043.20643381156,0,0.994958927582341,11043.2064338116,41043.2064338116
1.2,0.25,9999.99999999996,40000,1262.55884579624,1262.55884579624,0,0.993992392074961,11262.5588457962,41262.5588457962
1.25,0.25,10000,40000,1532.19232173648,1532.19232173648,0,0.992822716604222,11532.1923217365,41532.1923217365
1.3,0.25,10000,40000,1864.4870699314,1864.4870699314,0,0.991390724739447,11864.4870699314,41864.4870699314
1.35,0.25,10000,40000,2274.96768690996,2274.96768690996,0,0.989632479867723,12274.96768691,42274.96768691
1.4,0.25,9999.99999999995,39999.9999999999,2783.09823055045,2783.09823055045,0,0.98745399639012,12783.0982305504,42783.0982305504
1.45,0.25,9999.99999999997,40000,3413.15140569753,3413.15140569753,0,0.984726378343495,13413.1514056975,43413.1514056975
1.5,0.25,9999.99999999996,40000,4195.41243127084,4195.41243127084,0,0.981306478647321,14195.4124312708,44195.4124312708
1.55,0.25,9999.99999999996,40000,5167.28956267354,5167.28956267354,0,0.976960744000122,15167.2895626735,45167.2895626735
1.6,0.25,9999.99999999999,40000,6374.75540076451,6374.75540076451,0,0.97141375810801,16374.7554007645,46374.7554007645
1.65,0.25,10000,40000,7873.57960305459,7873.57960305459,0,0.964284878984289,17873.5796030546,47873.5796030546
1.7,0.25,10000.0000000001,40000,9730.52868471135,9730.52868471135,0,0.955016874245393,19730.5286847114,49730.5286847114
1.75,0.25,10000,40000,12023.875874278,12023.875874278,0,0.942931509662034,22023.875874278,52023.875874278
1.8,0.25,10000,40000,14843.3070447362,14843.3070447362,0,0.926992292198532,24843.3070447362,54843.3070447362
1.85,0.25,10000,30000,18287.9690221438,18287.9690221438,0,0.90593687642319,28287.9690221438,48287.9690221438
1.9,0.25,0,30000,22463.1814852728,22463.1814852728,0,0.877660597682669,22463.1814852728,52463.1814852728
1.95,0.25,0,20000,27474.0026531268,27474.0026531268,0,0.839833039123163,27474.0026531268,47474.0026531268
2,0.25,0,0,43417.5998482543,33417.5998482543,1,0.78998173823454,0,0
2.05,0.25,0,0,50372.6330443999,40372.6330443999,1,0.731128146332483,0,0
2.1,0.25,0,0,58389.5018220877,48389.5018220877,1,0.647151304598145,0,0
2.15,0.25,0,0,67481.2662815948,57481.2662815948,1,0.524011118713436,0,0
2.2,0.25,0,0,97619.345828186,67619.345828186,1,0.341780704143117,0,0
2.25,0.25,0,0,218733.262352122,78733.2623521225,1,0.058011447015644,0,0
2.3,0.25,0,0,390716.429876339,90716.4298763386,1,5.90628692174631e-05,0,0
2.35,0.25,0,0,293435.523142641,103435.523142641,1,1.74451058946426e-08,0,0
2.4,0.25,0,0,246742.867238213,116742.867238213,1,5.66376043574494e-12,0,0
2.45,0.25,0,0,220487.175534673,130487.175534673,1,2.30006146088753e-15,0,0
2.5,0.25,0,0,204523.628864842,144523.628864842,1,1.20019904940995e-18,0,0
2.55,0.25,0,0,208720.39360711,158720.39360711,1,8.06938991098205e-22,0,0
2.6,0.25,0,0,212962.767689425,172962.767689425,1,6.95124626748731e-25,0,0
2.65,0.25,0,0,217154.475631909,187154.475631909,1,7.60810990388063e-28,0,0
2.7,0.25,0,0,231217.308460077,201217.308460077,1,1.04743675352679e-30,0,0
2.75,0.25,0,0,235089.697933742,215089.697933742,1,1.79724560957577e-33,0,0
2.8,0.25,0,0,248724.629825169,228724.629825169,1,3.80518814725546e-36,0,0
2.85,0.25,0,0,262087.412312523,242087.412312523,1,9.84600564736636e-39,0,0
2.9,0.25,0,0,275153.643596837,255153.643596837,1,3.08588496118003e-41,0,0
2.95,0.25,0,0,287907.15001357,267907.15001357,1,1.16148729725803e-43,0,0
3,0.25,0,0,300338.123721287,280338.123721287,1,5.20744099737696e-46,0,0
0.6,0.3,490000,490000,101.354435658984,101.354435658984,0,1,490101.354435659,490101.354435659
0.65,0.3,40000,20000,123.608830827774,123.608830827774,0,0.99980691811113,40123.6088308278,20123.6088308278
0.7,0.3,20000,20000,148.329139856978,148.329139856978,0,0.999618617879279,20148.329139857,20148.329139857
0.75,0.3,9999.99999999999,30000,177.33305800201,177.33305800201,0,0.999421316510997,10177.333058002,30177.333058002
0.8,0.3,10000,30000,211.778177054879,211.778177054879,0,0.999207554095838,10211.7781770549,30211.7781770549
0.85,0.3,9999.99999999997,30000,252.957452498435,252.957452498435,0,0.998972024231023,10252.9574524984,30252.9574524984
0.9,0.3,9999.99999999998,30000,302.42511715132,302.42511715132,0,0.998707922627438,10302.4251171513,30302.4251171513
0.95,0.3,9999.99999999996,30000,362.089491337638,362.089491337638,0,0.998407193105621,10362.0894913376,30362.0894913376
1,0.3,10000,30000,434.315556920289,434.315556920289,0,0.99806072539637,10434.3155569203,30434.3155569203
1.05,0.3,10000,40000,522.048614042666,522.048614042666,0,0.997657008956663,10522.0486140427,40522.0486140427
1.1,0.3,10000,40000,628.970485930457,628.970485930457,0,0.997182103591149,10628.9704859305,40628.9704859305
1.15,0.3,9999.99999999999,40000,759.705121354011,759.705121354011,0,0.996618588919105,10759.705121354,40759.705121354
1.2,0.3,10000,40000,920.050389778384,920.050389778384,0,0.99594369920328,10920.0503897784,40920.0503897784
1.25,0.3,9999.99999999996,40000,1117.32463913604,1117.32463913604,0,0.995129168942859,11117.324639136,41117.324639136
1.3,0.3,10000,40000,1360.74459108309,1360.74459108309,0,0.994138286580809,11360.7445910831,41360.7445910831
1.35,0.3,9999.99999999997,40000,1661.93886887303,1661.93886887303,0,0.992923311787787,11661.938868873,41661.938868873
1.4,0.3,10000,40000,2035.59544408827,2035.59544408827,0,0.991422292706824,12035.5954440883,42035.5954440883
1.45,0.3,10000,40000,2500.22998714046,2500.22998714046,0,0.989553728808538,12500.2299871405,42500.2299871405
1.5,0.3,10000,40000,3079.11342557417,3079.11342557417,0,0.987206961014694,13079.1134255742,43079.1134255742
1.55,0.3,9999.99999999997,40000,3801.46851771893,3801.46851771893,0,0.984242191595402,13801.4685177189,43801.4685177189
1.6,0.3,20000,40000,4703.74100087902,4703.74100087902,0,0.980457043787361,24703.741000879,44703.741000879
1.65,0.3,20000,40000,5831.00947283626,5831.00947283626,0,0.97560616446623,25831.0094728363,45831.0094728363
1.7,0.3,20000,40000,7238.5544500033,7238.5544500033,0,0.969313981362448,27238.5544500033,47238.5544500033
1.75,0.3,10000,40000,8993.08756038758,8993.08756038758,0,0.961077166388964,18993.0875603876,48993.0875603876
1.8,0.3,10000,40000,11173.8237084131,11173.8237084131,0,0.950241599813553,21173.8237084131,51173.8237084131
1.85,0.3,10000,40000,13872.3213901711,13872.3213901711,0,0.935828197667543,23872.3213901711,53872.3213901711
1.9,0.3,10000,30000,17191.1184889678,17191.1184889678,0,0.916594548515807,27191.1184889678,47191.1184889678
1.95,0.3,10000,30000,21240.3207525205,21240.3207525205,0,0.890518124987002,31240.3207525205,51240.3207525205
2,0.3,0,20000,26131.3972546816,26131.3972546816,0,0.855227404575479,26131.3972546816,46131.3972546816
2.05,0.3,0,10000,31968.8079395036,31968.8079395036,0,0.80672311571683,31968.8079395036,41968.8079395036
2.1,0.3,0,0,48838.6940334925,38838.6940334925,1,0.749853769488121,0,0
2.15,0.3,0,0,56798.0806471228,46798.0806471228,1,0.668816813564367,0,0
2.2,0.3,0,0,65864.8195011751,55864.8195011751,1,0.547923048574211,0,0
2.25,0.3,0,0,96011.6561246543,66011.6561246543,1,0.364316552269269,0,0
2.3,0.3,0,0,217166.745163999,77166.7451639991,1,0.0665390320668764,0,0
2.35,0.3,0,0,379219.079531849,89219.0795318489,1,8.8360403297979e-05,0,0
2.4,0.3,0,0,282029.028409214,102029.028409214,1,3.52650215768998e-08,0,0
2.45,0.3,0,0,235441.793988341,115441.793988341,1,1.51815819492094e-11,0,0
2.5,0.3,0,0,209299.06236334,129299.06236334,1,7.99336884553436e-15,0,0
2.55,0.3,0,0,203450.332875617,143450.332875617,1,5.29033500510849e-18,0,0
2.6,0.3,0,0,197758.986071277,157758.986071277,1,4.41938224460688e-21,0,0
2.65,0.3,0,0,202107.265147047,172107.265147047,1,4.64112061998464e-24,0,0
2.7,0.3,0,0,216396.899016696,186396.899016696,1,6.08435206508745e-27,0,0
2.75,0.3,0,0,220548.64984315,200548.64984315,1,9.87969422017152e-30,0,0
2.8,0.3,0,0,234500.70952093,214500.70952093,1,1.9696339367234e-32,0,0
2.85,0.3,0,0,248206.3373878,228206.3373878,1,4.77974304430344e-35,0,0
2.9,0.3,0,0,261631.495902095,241631.495902095,1,1.40040457305563e-37,0,0
2.95,0.3,0,0,274752.39271604,254752.39271604,1,4.91483076553499e-40,0,0
3,0.3,0,0,287553.662538521,267553.662538521,1,2.05038660057903e-42,0,0
0.7,0.35,490000,490000,101.374193689987,101.374193689987,0,1,490101.37419369,490101.37419369
0.75,0.35,40000,30000,124.299966695309,124.299966695309,0,0.999828916674717,40124.2999666953,30124.2999666953
0.8,0.35,30000,30000,149.906061025059,149.906061025059,0,0.999659017074793,30149.9060610251,30149.9060610251
0.85,0.35,20000,30000,180.11526224663,180.11526224663,0,0.999477472360785,20180.1152622466,30180.1152622466
0.9,0.35,20000,30000,216.192109714363,216.192109714363,0,0.9992790281835,20216.1921097144,30216.1921097144
0.95,0.35,10000,30000,259.568903358894,259.568903358894,0,0.999057201013972,10259.5689033589,30259.5689033589
1,0.35,10000,40000,311.98154066778,311.98154066778,0,0.998805709362426,10311.9815406678,40311.9815406678
1.05,0.35,10000,40000,375.576511764068,375.576511764068,0,0.998515041534613,10375.5765117641,40375.5765117641
1.1,0.35,10000,40000,453.031527290062,453.031527290062,0,0.998177681659816,10453.0315272901,40453.0315272901
1.15,0.35,9999.99999999998,40000,547.709723869016,547.709723869016,0,0.997780584678044,10547.709723869,40547.709723869
1.2,0.35,10000,40000,663.842315795476,663.842315795476,0,0.997308057751412,10663.8423157955,40663.8423157955
1.25,0.35,10000,40000,806.774148875078,806.774148875078,0,0.996742028868005,10806.7741488751,40806.7741488751
1.3,0.35,10000,40000,983.262142729373,983.262142729373,0,0.99605602177062,10983.2621427294,40983.2621427294
1.35,0.35,10000,40000,1201.88318457548,1201.88318457548,0,0.995217863776664,11201.8831845755,41201.8831845755
1.4,0.35,10000,40000,1473.50873551868,1473.50873551868,0,0.9941888832951,11473.5087355187,41473.5087355187
1.45,0.35,19999.9999999999,50000,1811.96391346685,1811.96391346685,0,0.992910907903422,21811.9639134668,51811.9639134668
1.5,0.35,20000,50000,2234.78176541662,2234.78176541662,0,0.991313453015402,22234.7817654166,52234.7817654166
1.55,0.35,20000,50000,2764.16617836344,2764.16617836344,0,0.989300569240016,22764.1661783634,52764.1661783634
1.6,0.35,20000,50000,3428.20470988042,3428.20470988042,0,0.986740644341706,23428.2047098804,53428.2047098804
1.65,0.35,20000,50000,4262.22013228247,4262.22013228247,0,0.983460422491527,24262.2201322825,54262.2201322825
1.7,0.35,20000,50000,5310.28644166746,5310.28644166746,0,0.979216529587407,25310.2864416675,55310.2864416675
1.75,0.35,20000,50000,6626.96976253448,6626.96976253448,0,0.973681582866868,26626.9697625345,56626.9697625345
1.8,0.35,20000,50000,8278.82676233539,8278.82676233539,0,0.966405684350553,28278.8267623354,58278.8267623354
1.85,0.35,20000,40000,10345.6067216528,10345.6067216528,0,0.956735895091416,30345.6067216528,50345.6067216528
1.9,0.35,20000.0000000001,40000.0000000001,12920.6565498911,12920.6565498911,0,0.943762528036491,32920.6565498912,52920.6565498912
1.95,0.35,10000,40000,16109.7959727511,16109.7959727511,0,0.926275268427658,26109.7959727511,56109.7959727511
2,0.35,10000,30000,20028.0054244342,20028.0054244342,0,0.902336318775744,30028.0054244342,50028.0054244342
2.05,0.35,0,30000,24793.3995689985,24793.3995689985,0,0.869560544331295,24793.3995689985,54793.3995689985
2.1,0.35,0,10000,30518.1470448741,30518.1470448741,0,0.82398711184655,30518.1470448741,40518.1470448741
2.15,0.35,0,0,47296.7571134887,37296.7571134887,1,0.767813355878774,0,0
2.2,0.35,0,0,55193.507522663,45193.507522663,1,0.690000075330011,0,0
2.25,0.35,0,0,64231.4206849211,54231.4206849211,1,0.571794161529777,0,0
2.3,0.35,0,0,94385.4159115463,64385.4159115463,1,0.387549338140476,0,0
2.35,0.35,0,0,205581.876533649,75581.8765336492,1,0.0761493036155797,0,0
2.4,0.35,0,0,357705.122662542,87705.1226625422,1,0.00013169347325839,0,0
2.45,0.35,0,0,270608.91736597,100608.91736597,1,7.09057177098275e-08,0,0
2.5,0.35,0,0,224130.471078299,114130.471078299,1,4.04335385179056e-11,0,0
2.55,0.35,0,0,198104.410200552,128104.410200552,1,2.75832907290314e-14,0,0
2.6,0.35,0,0,192373.65201006,142373.65201006,1,2.3150304348494e-17,0,0
2.65,0.35,0,0,196797.016747132,156797.016747132,1,2.40292174191517e-20,0,0
2.7,0.35,0,0,201253.40100033,171253.40100033,1,3.07749118162025e-23,0,0
2.75,0.35,0,0,205642.454363972,185642.454363972,1,4.83623628573406e-26,0,0
2.8,0.35,0,0,219884.242502092,199884.242502092,1,9.26471995549706e-29,0,0
2.85,0.35,0,0,233916.686402742,213916.686402742,1,2.14709140413642e-31,0,0
2.9,0.35,0,0,247693.388223332,227693.388223332,1,5.97763115130875e-34,0,0
2.95,0.35,0,0,251181.028857926,241181.028857926,1,1.98574380672468e-36,0,0
3,0.35,0,0,264356.52339027,254356.52339027,1,7.81549877132049e-39,0,0
0.8,0.4,490000,490000,101.394753258228,101.394753258228,0,1,490101.394753258,490101.394753258
0.85,0.4,50000,30000,125.035463861175,125.035463861175,0,0.999845287219347,50125.0354638612,30125.0354638612
0.9,0.4,30000,30000,151.59388829226,151.59388829226,0,0.999689223899656,30151.5938882923,30151.5938882923
0.95,0.4,20000,30000,183.109938728568,183.109938728568,0,0.999520438378261,20183.1099387286,30183.1099387286
1,0.4,20000,40000,220.971622383458,220.971622383458,0,0.999333259983599,20220.9716223835,40220.9716223835
1.05,0.4,20000,40000,266.770598902336,266.770598902336,0,0.999121663864254,20266.7705989023,40266.7705989023
1.1,0.4,20000,40000,322.453419186072,322.453419186072,0,0.998878292388103,20322.4534191861,40322.4534191861
1.15,0.4,20000,40000,390.446805964266,390.446805964266,0,0.998595841660474,20390.4468059643,40390.4468059643
1.2,0.4,20000,40000,473.803561223329,473.803561223329,0,0.998263608957839,20473.8035612233,40473.8035612233
1.25,0.4,20000,40000,576.376286493306,576.376286493306,0,0.997866865444917,20576.3762864933,40576.3762864933
1.3,0.4,20000,40000,703.05775489798,703.05775489798,0,0.997391295354283,20703.057754898,40703.057754898
1.35,0.4,20000,50000,860.068815190996,860.068815190996,0,0.996813765442241,20860.068815191,50860.068815191
1.4,0.4,20000,50000,1055.33132101404,1055.33132101404,0,0.996108176373848,21055.331321014,51055.331321014
1.45,0.4,19999.9999999999,50000,1298.96637634675,1298.96637634675,0,0.995238162175988,21298.9663763467,51298.9663763467
1.5,0.4,20000,50000,1603.9093528705,1603.9093528705,0,0.994153255580018,21603.9093528705,51603.9093528705
1.55,0.4,20000,49999.9999999999,1986.68364377285,1986.68364377285,0,0.992791690639124,21986.6836437728,51986.6836437728
1.6,0.4,20000,50000,2468.37395047169,2468.37395047169,0,0.991070987906162,22468.3739504717,52468.3739504717
1.65,0.4,20000,50000,3075.84420627058,3075.84420627058,0,0.988869438358534,23075.8442062706,53075.8442062706
1.7,0.4,20000,50000,3843.16676555118,3843.16676555118,0,0.986032601743755,23843.1667655512,53843.1667655512
1.75,0.4,20000,50000,4813.29964571617,4813.29964571617,0,0.982344823447934,24813.2996457162,54813.2996457162
1.8,0.4,20000,50000,6039.81841764938,6039.81841764938,0,0.977503075037736,26039.8184176494,56039.8184176494
1.85,0.4,19999.9999999999,50000,7588.90183161585,7588.90183161585,0,0.971076939819456,27588.9018316158,57588.9018316158
1.9,0.4,20000,50000,9540.61882422466,9540.61882422466,0,0.96250049391823,29540.6188242247,59540.6188242247
1.95,0.4,20000,40000,11989.8853429763,11989.8853429763,0,0.950877929953292,31989.8853429763,51989.8853429763
2,0.4,20000,40000,15045.6225967961,15045.6225967961,0,0.935053400007192,35045.6225967961,55045.6225967961
2.05,0.4,10000,40000,18827.7909286114,18827.7909286114,0,0.913176625370952,28827.7909286114,58827.7909286114
2.1,0.4,10000,30000,23461.2933040331,23461.2933040331,0,0.882873790584789,33461.2933040331,53461.2933040331
2.15,0.4,0,20000,29066.663565558,29066.663565558,0,0.840239359356416,29066.663565558,49066.663565558
2.2,0.4,0,0,45747.3591510729,35747.3591510729,1,0.785211712461679,0,0
2.25,0.4,0,0,53575.7722293626,43575.7722293626,1,0.710738872303272,0,0
2.3,0.4,0,0,62580.8594095353,52580.8594095353,1,0.595616489439025,0,0
2.35,0.4,0,0,92740.0486898443,62740.0486898443,1,0.411410085425837,0,0
2.4,0.4,0,0,203978.000665399,73978.0006653989,1,0.0869066159301714,0,0
2.45,0.4,0,0,346174.162639043,86174.1626390428,1,0.000195237464290503,0,0
2.5,0.4,0,0,259174.85283711,99174.8528371105,1,1.41430738797977e-07,0,0
2.55,0.4,0,0,212808.999121076,112808.999121076,1,1.06604480445854e-10,0,0
2.6,0.4,0,0,196903.243856024,126903.243856024,1,9.40867317750744e-14,0,0
2.65,0.4,0,0,191293.931851178,141293.931851178,1,1.00019097925526e-16,0,0
2.7,0.4,0,0,185834.893033243,155834.893033243,1,1.28921838961455e-19,0,0
2.75,0.4,0,0,190401.461380137,170401.461380137,1,2.01251713814238e-22,0,0
2.8,0.4,0,0,204891.637489104,184891.637489104,1,3.79219067259944e-25,0,0
2.85,0.4,0,0,219224.468837034,199224.468837034,1,8.56963859658635e-28,0,0
2.9,0.4,0,0,223337.968131422,213337.968131422,1,2.31071447058996e-30,0,0
2.95,0.4,0,0,237186.065481878,227186.065481878,1,7.39138157111973e-33,0,0
3,0.4,0,0,250736.15667596,240736.15667596,1,2.78604161667157e-35,0,0
0.9,0.45,490000,490000,101.416171240623,101.416171240623,0,1,490101.416171241,490101.416171241
0.95,0.45,60000,40000,125.819688347658,125.819688347658,0,0.999857949504383,60125.8196883477,40125.8196883477
1,0.45,40000,40000,153.404823356182,153.404823356182,0,0.999712629865962,40153.4048233562,40153.4048233562
1.05,0.45,30000,40000,186.342987940073,186.342987940073,0,0.99955328555611,30186.3429879401,40186.3429879401
1.1,0.45,20000,40000,226.163209531927,226.163209531927,0,0.999374523699357,20226.1632095319,40226.1632095319
1.15,0.45,20000,40000,274.642561771077,274.642561771077,0,0.999170228646281,20274.6425617711,40274.6425617711
1.2,0.45,20000,40000,333.975185804267,333.975185804267,0,0.998933753631004,20333.9751858043,40333.9751858043
1.25,0.45,20000,40000,406.917325120615,406.917325120615,0,0.998654127912819,20406.9173251206,40406.9173251206
1.3,0.45,20000,49999.9999999999,496.964478562449,496.964478562449,0,0.998323371322183,20496.9644785624,50496.9644785624
1.35,0.45,20000,50000,608.564619566929,608.564619566929,0,0.997923742746222,20608.5646195669,50608.5646195669
1.4,0.45,20000,50000,747.406671259821,747.406671259821,0,0.99744009410019,20747.4066712598,50747.4066712598
1.45,0.45,20000,50000,920.776832708458,920.776832708458,0,0.996845963941567,20920.7768327085,50920.7768327085
1.5,0.45,20000,50000,1138.03695230036,1138.03695230036,0,0.996112055022899,21138.0369523004,51138.0369523004
1.55,0.45,20000,50000,1411.21737153546,1411.21737153546,0,0.995193449002975,21411.2173715355,51411.2173715355
1.6,0.45,20000,50000,1755.81108658787,1755.81108658787,0,0.994036904384839,21755.8110865879,51755.8110865879
1.65,0.45,20000,50000,2191.73169292526,2191.73169292526,0,0.992567469016914,22191.7316929253,52191.7316929253
1.7,0.45,20000,50000,2744.54836256873,2744.54836256873,0,0.990682168819101,22744.5483625687,52744.5483625687
1.75,0.45,20000,50000,3446.97293193187,3446.97293193187,0,0.988243251601414,23446.9729319319,53446.9729319319
1.8,0.45,20000,50000,4340.60114848947,4340.60114848947,0,0.985049112991127,24340.6011484895,54340.6011484895
1.85,0.45,20000,50000,5477.96836044034,5477.96836044034,0,0.98083184821025,25477.9683604403,55477.9683604403
1.9,0.45,20000,50000,6924.45550194519,6924.45550194519,0,0.975198875687514,26924.4555019452,56924.4555019452
1.95,0.45,20000,50000,8760.29139139177,8760.29139139177,0,0.967613262204168,28760.2913913918,58760.2913913918
2,0.45,20000,50000,11081.6643922715,11081.6643922715,0,0.957250813906793,31081.6643922715,61081.6643922715
2.05,0.45,20000,50000,14000.355092868,14000.355092868,0,0.942999669619095,34000.355092868,64000.355092868
2.1,0.45,20000,40000,17641.3258194913,17641.3258194913,0,0.923171867039418,37641.3258194913,57641.3258194913
2.15,0.45,10000,40000,22136.5294000358,22136.5294000358,0,0.895209905207238,32136.5294000358,62136.5294000358
2.2,0.45,0,30000,27615.3639088241,27615.3639088241,0,0.855497557516783,27615.3639088241,57615.3639088241
2.25,0.45,0,0,44191.0375017863,34191.0375017863,1,0.801831306166596,0,44191.0375017863
2.3,0.45,0,0,51944.9640432028,41944.9640432028,1,0.73087687149078,0,0
2.35,0.45,0,0,60912.7662988349,50912.7662988349,1,0.61927229756913,0,0
2.4,0.45,0,0,81074.8452208943,61074.8452208943,1,0.435873836355703,0,0
2.45,0.45,0,0,192354.522415051,72354.5224150508,1,0.0988695913122319,0,0
2.5,0.45,0,0,334625.742249702,84625.7422497016,1,0.000287576440850368,0,0
2.55,0.45,0,0,247726.595881662,97726.595881662,1,2.79275405257372e-07,0,0
2.6,0.45,0,0,201477.319104505,111477.319104505,1,2.77433016240691e-10,0,0
2.65,0.45,0,0,185695.826398525,125695.826398525,1,3.16066666347804e-13,0,0
2.7,0.45,0,0,180211.488560495,140211.488560495,1,4.24893254150336e-16,0,0
2.75,0.45,0,0,184872.925282442,154872.925282442,1,6.79269007323716e-19,0,0
2.8,0.45,0,0,189552.056806978,169552.056806978,1,1.29191320787477e-21,0,0
2.85,0.45,0,0,204144.938471214,184144.938471214,1,2.91515897865432e-24,0,0
2.9,0.45,0,0,208569.842603344,198569.842603344,1,7.77406942437857e-27,0,0
2.95,0.45,0,0,222764.95442503,212764.95442503,1,2.44007460561543e-29,0,0
3,0.45,0,0,236684.747864785,226684.747864785,1,8.96279673130362e-32,0,0
1,0.5,490000,490000,101.438510456631,101.438510456631,0,1,490101.438510457,490101.438510457
1.05,0.5,70000,40000,126.65771184566,126.65771184566,0,0.999867966204232,70126.6577118457,40126.6577118457
1.1,0.5,40000,40000,155.353005815519,155.353005815519,0,0.999731139698918,40155.3530058155,40155.3530058155
1.15,0.5,30000,40000,189.843477588777,189.843477588777,0,0.999579109115946,30189.8434775888,40189.8434775888
1.2,0.5,30000,40000,231.821646007496,231.821646007496,0,0.9994066317098,30231.8216460075,40231.8216460075
1.25,0.5,20000,50000,283.280500112201,283.280500112201,0,0.999207408976939,20283.2805001122,50283.2805001122
1.3,0.5,20000,50000,346.70505609418,346.70505609418,0,0.998974378995197,20346.7050560942,50346.7050560942
1.35,0.5,20000,50000,425.244172830285,425.244172830285,0,0.998695889503773,20425.2441728303,50425.2441728303
1.4,0.5,20000,50000,522.924719322422,522.924719322422,0,0.998361520482113,20522.9247193224,50522.9247193224
1.45,0.5,20000,50000,644.913838154772,644.913838154772,0,0.997956930869921,20644.9138381548,50644.9138381548
1.5,0.5,20000,50000,797.868085723929,797.868085723929,0,0.997457364344447,20797.8680857239,50797.8680857239
1.55,0.5,20000,50000,990.393158732919,990.393158732919,0,0.996839310485114,20990.3931587329,50990.3931587329
1.6,0.5,20000,50000,1233.6259731566,1233.6259731566,0,0.996067013332381,21233.6259731566,51233.6259731566
1.65,0.5,20000,50000,1541.98589548227,1541.98589548227,0,0.995088279752469,21541.9858954823,51541.9858954823
1.7,0.5,20000,50000,1934.17863938809,1934.17863938809,0,0.993840197096264,21934.1786393881,51934.1786393881
1.75,0.5,20000,50000,2434.40530707492,2434.40530707492,0,0.992232319177422,22434.4053070749,52434.4053070749
1.8,0.5,30000,50000,3073.90402931958,3073.90402931958,0,0.990139682112109,33073.9040293196,53073.9040293196
1.85,0.5,30000,50000,3892.79797246303,3892.79797246303,0,0.987387790093406,33892.797972463,53892.797972463
1.9,0.5,30000,50000,4942.24821545201,4942.24821545201,0,0.983731120152813,34942.248215452,54942.248215452
1.95,0.5,30000,50000,6286.68698349599,6286.68698349599,0,0.978820314441221,36286.686983496,56286.686983496
2,0.5,30000,50000,8006.11507489658,8006.11507489658,0,0.97214261081674,38006.1150748966,58006.1150748966
2.05,0.5,20000,50000,10197.6739551104,10197.6739551104,0,0.962969136941845,30197.6739551104,60197.6739551104
2.1,0.5,20000,50000,12975.8844228699,12975.8844228699,0,0.950213869540518,32975.8844228699,62975.8844228699
2.15,0.5,20000,40000,16470.4705908737,16470.4705908737,0,0.932221744185999,36470.4705908737,56470.4705908737
2.2,0.5,10000,40000,20820.7636117927,20820.7636117927,0,0.906703009537282,30820.7636117927,60820.7636117927
2.25,0.5,10000,30000,26165.4817105509,26165.4817105509,0,0.869783349427716,36165.4817105509,56165.4817105509
2.3,0.5,0,10000,42628.3341871087,32628.3341871087,1,0.817685680306744,32628.3341871087,42628.3341871087
2.35,0.5,0,0,50300.974757363,40300.974757363,1,0.750495745189523,0,0
2.4,0.5,0,0,59226.7122834863,49226.7122834863,1,0.642655153719488,0,0
2.45,0.5,0,0,79389.2923175063,59389.2923175063,1,0.461046160550534,0,0
2.5,0.5,0,0,190710.755326936,70710.7553269356,1,0.112126119911846,0,0
2.55,0.5,0,0,313059.090423971,83059.0904239705,1,0.000420491514878595,0,0
2.6,0.5,0,0,236263.890885233,96263.890885233,1,5.45077666594889e-07,0,0
2.65,0.5,0,0,200135.296222807,110135.296222807,1,7.11057687318873e-10,0,0
2.7,0.5,0,0,184482.370483575,124482.370483575,1,1.04256053276111e-12,0,0
2.75,0.5,0,0,179126.702370798,139126.702370798,1,1.76833342143561e-15,0,0
2.8,0.5,0,0,183911.553467308,153911.553467308,1,3.49973121473017e-18,0,0
2.85,0.5,0,0,188705.499890232,168705.499890232,1,8.09926439920256e-21,0,0
2.9,0.5,0,0,193402.695676364,183402.695676364,1,2.1869409229812e-23,0,0
2.95,0.5,0,0,207920.724918474,197920.724918474,1,6.88222788266764e-26,0,0
3,0.5,0,0,222197.960919959,212197.960919959,1,2.5119867608817e-28,0,0
1.1,0.55,490000,490000,101.461840505209,101.461840505209,0,1,490101.461840505,490101.461840505
1.15,0.55,80000,40000,127.555488683182,127.555488683182,0,0.999875929689444,80127.5554886832,40127.5554886832
1.2,0.55,49999.9999999999,49999.9999999999,157.454486776052,157.454486776052,0,0.999745749031976,50157.454486776,50157.454486776
1.25,0.55,40000,50000,193.645965470154,193.645965470154,0,0.999599628308325,40193.6459654702,50193.6459654702
1.3,0.55,29999.9999999999,49999.9999999999,238.011387946951,238.011387946951,0,0.999431788344122,30238.0113879469,50238.0113879469
1.35,0.55,30000,50000,292.797941824611,292.797941824611,0,0.999235778538485,30292.7979418246,50292.7979418246
1.4,0.55,30000,50000.0000000001,360.834823123255,360.834823123255,0,0.999002948294678,30360.8348231233,50360.8348231233
1.45,0.55,30000,50000,445.742835732809,445.742835732809,0,0.998722979220082,30445.7428357328,50445.7428357328
1.5,0.55,30000,50000,552.187185803293,552.187185803293,0,0.998383075609055,30552.1871858033,50552.1871858033
1.55,0.55,30000,50000,686.212356431703,686.212356431703,0,0.997967622581969,30686.2123564317,50686.2123564317
1.6,0.55,30000,50000,855.670711589694,855.670711589694,0,0.997448529525601,30855.6707115897,50855.6707115897
1.65,0.55,30000,60000,1070.80262499769,1070.80262499769,0,0.996798957774016,31070.8026249977,61070.8026249977
1.7,0.55,30000,60000,1344.95536115006,1344.95536115006,0,0.995973452152599,31344.9553611501,61344.9553611501
1.75,0.55,30000,60000,1695.58117216174,1695.58117216174,0,0.994917564311136,31695.5811721617,61695.5811721617
1.8,0.55,30000,60000,2145.44962009044,2145.44962009044,0,0.993552547650336,32145.4496200904,62145.4496200904
1.85,0.55,30000,60000,2724.22234958909,2724.22234958909,0,0.991768053687757,32724.2223495891,62724.2223495891
1.9,0.55,30000,60000,3470.37298698438,3470.37298698438,0,0.989409051646549,33470.3729869844,63470.3729869844
1.95,0.55,30000,60000,4433.472192851,4433.472192851,0,0.986255071724247,34433.472192851,64433.472192851
2,0.55,30000,60000,5676.74214428893,5676.74214428893,0,0.981991335264077,35676.7421442889,65676.7421442889
2.05,0.55,30000,60000,7279.58776960541,7279.58776960541,0,0.97615405636115,37279.5877696054,67279.5877696054
2.1,0.55,30000,50000,9339.75874706923,9339.75874706923,0,0.968063106333613,39339.7587470692,59339.7587470692
2.15,0.55,30000,50000,11974.1466115561,11974.1466115561,0,0.95670409176017,41974.1466115561,61974.1466115561
2.2,0.55,20000,50000,15317.2347989197,15317.2347989197,0,0.940515337835416,35317.2347989197,65317.2347989197
2.25,0.55,20000,40000,19515.7106084218,19515.7106084218,0,0.917274923605427,39515.7106084218,59515.7106084218
2.3,0.55,10000,40000,24718.2638445357,24718.2638445357,0,0.883237184605629,34718.2638445357,64718.2638445357
2.35,0.55,0,20000,31060.0998659941,31060.0998659941,0,0.832976269830135,31060.0998659941,51060.0998659941
2.4,0.55,0,0,48644.1444023008,38644.1444023008,1,0.76932321969635,0,0
2.45,0.55,0,0,57522.397710529,47522.397710529,1,0.665686367848875,0,0
2.5,0.55,0,0,77682.7253395674,57682.7253395674,1,0.486529676373943,0,0
2.55,0.55,0,0,189046.00532857,69046.0053285696,1,0.126703167325658,0,0
2.6,0.55,0,0,301473.799656031,81473.7996560306,1,0.000609938261577318,0,0
2.65,0.55,0,0,224786.320772623,94786.3207726227,1,1.05027129007793e-06,0,0
2.7,0.55,0,0,188782.946790946,108782.946790946,1,1.79191089957154e-09,0,0
2.75,0.55,0,0,173262.884776919,123262.884776919,1,3.37025295869483e-12,0,0
2.8,0.55,0,0,168039.848271052,138039.848271052,1,7.19180622285457e-15,0,0
2.85,0.55,0,0,172951.370698648,152951.370698648,1,1.75858915485504e-17,0,0
2.9,0.55,0,0,187862.446386592,167862.446386592,1,4.94179958099274e-20,0,0
2.95,0.55,0,0,192665.43855461,182665.43855461,1,1.59629756490297e-22,0,0
3,0.55,0,0,207277.657677895,197277.657677895,1,5.91725702847212e-25,0,0
1.2,0.6,490000,490000,101.486238752506,101.486238752506,0,1,490101.486238752,490101.486238752
1.25,0.6,90000,50000,128.51971296547,128.51971296547,0,0.999882433528466,90128.5197129655,50128.5197129655
1.3,0.6,60000,50000,159.728433040947,159.728433040947,0,0.999757314755251,60159.7284330409,50159.7284330409
1.35,0.6,40000,50000,197.791146447244,197.791146447244,0,0.999615666456823,40197.7911464472,50197.7911464472
1.4,0.6,40000,50000,244.810001919062,244.810001919062,0,0.999450826125467,40244.8100019191,50244.8100019191
1.45,0.6,30000,50000,303.332307540961,303.332307540961,0,0.999256302825708,30303.332307541,50303.332307541
1.5,0.6,30000,50000,376.598753018395,376.598753018395,0,0.999022797257342,30376.5987530184,50376.5987530184
1.55,0.6,30000,59999.9999999999,468.796246597049,468.796246597049,0,0.998738956765815,30468.796246597,60468.796246597
1.6,0.6,30000,60000,585.372585125063,585.372585125063,0,0.998390639944986,30585.3725851251,60585.3725851251
1.65,0.6,30000,60000,733.449825261836,733.449825261836,0,0.997957623777738,30733.4498252618,60733.4498252618
1.7,0.6,30000,60000,922.3668778613,922.3668778613,0,0.997412732257407,30922.3668778613,60922.3668778613
1.75,0.6,30000,60000,1164.4038985632,1164.4038985632,0,0.996718773497532,31164.4038985632,61164.4038985632
1.8,0.6,30000,60000,1475.72696876516,1475.72696876516,0,0.995829137173993,31475.7269687652,61475.7269687652
1.85,0.6,30000,60000,1877.61611273461,1877.61611273461,0,0.994675370647917,31877.6161127346,61877.6161127346
1.9,0.6,30000,60000,2398.05862719982,2398.05862719982,0,0.993161191659567,32398.0586271998,62398.0586271998
1.95,0.6,30000,60000,3073.73053804914,3073.73053804914,0,0.991149997048458,33073.7305380491,63073.7305380491
2,0.6,30000,60000,3952.40622771165,3952.40622771165,0,0.988445546237365,33952.4062277117,63952.4062277117
2.05,0.6,30000,60000,5095.75031169079,5095.75031169079,0,0.984766503274396,35095.7503116908,65095.7503116908
2.1,0.6,29999.9999999999,59999.9999999999,6582.21826508645,6582.21826508645,0,0.979689930364154,36582.2182650864,66582.2182650864
2.15,0.6,30000,60000,8509.76615080417,8509.76615080417,0,0.972592617309554,38509.7661508042,68509.7661508042
2.2,0.6,30000,60000,10997.2849400795,10997.2849400795,0,0.96253083360645,40997.2849400795,70997.2849400795
2.25,0.6,30000,50000,14183.7436955402,14183.7436955402,0,0.948074276726496,44183.7436955402,64183.7436955402
2.3,0.6,20000,50000,18223.4085189799,18223.4085189799,0,0.926974878821941,38223.4085189799,68223.4085189799
2.35,0.6,10000,40000,23275.3367909004,23275.3367909004,0,0.895833921124108,33275.3367909004,63275.3367909004
2.4,0.6,0,30000,29487.2909324679,29487.2909324679,0,0.848944647943431,29487.2909324679,59487.2909324679
2.45,0.6,0,0,46974.5982542772,36974.5982542772,1,0.787465198129766,0,0
2.5,0.6,0,0,55799.3482691606,45799.3482691606,1,0.688296493381707,0,0
2.55,0.6,0,0,75954.3640482851,55954.3640482851,1,0.512260925059232,0,0
2.6,0.6,0,0,177359.376235857,67359.3762358568,1,0.142672653921666,0,0
2.65,0.6,0,0,289869.237045564,79869.2370455639,1,0.000877273632433903,0,0
2.7,0.6,0,0,213293.594117127,93293.5941171275,1,1.99609969433361e-06,0,0
2.75,0.6,0,0,177420.388491947,107420.388491947,1,4.43393479693315e-09,0,0
2.8,0.6,0,0,172037.940454106,122037.940454106,1,1.06555317753763e-11,0,0
2.85,0.6,0,0,166951.522675029,136951.522675029,1,2.85263612533713e-14,0,0
2.9,0.6,0,0,171992.865459574,151992.865459574,1,8.5966814187331e-17,0,0
2.95,0.6,0,0,177023.408681082,167023.408681082,1,2.92730487992225e-19,0,0
3,0.6,0,0,191933.826073659,181933.826073659,1,1.12922524371678e-21,0,0
1.3,0.65,490000,490000,101.51179150385,101.51179150385,0,1,490101.511791504,490101.511791504
1.35,0.65,1e+05,50000,129.55814192571,129.55814192571,0,0.99988759761061,100129.558141926,50129.5581419257
1.4,0.65,60000,50000,162.197101436853,162.197101436853,0,0.999766751788515,60162.1971014369,50162.1971014369
1.45,0.65,50000,60000,202.326942301929,202.326942301929,0,0.999628084955135,50202.3269423019,60202.3269423019
1.5,0.65,40000,60000,252.309756653295,252.309756653295,0,0.999464899443725,40252.3097566533,60252.3097566533
1.55,0.65,40000,60000,315.049438587539,315.049438587539,0,0.999270227878308,40315.0494385875,60315.0494385875
1.6,0.65,40000,60000,394.282335340294,394.282335340294,0,0.999034061716401,40394.2823353403,60394.2823353403
1.65,0.65,40000,60000,494.88466153938,494.88466153938,0,0.998743766825894,40494.8846615394,60494.8846615394
1.7,0.65,30000,60000,623.265921709865,623.265921709865,0,0.998381543087287,30623.2659217099,60623.2659217099
1.75,0.65,30000,60000,787.883070284541,787.883070284541,0,0.99792778582312,30787.8830702845,60787.8830702845
1.8,0.65,30000,60000,999.944058943483,999.944058943483,0,0.997349716866693,30999.9440589435,60999.9440589435
1.85,0.65,30000,60000,1274.31571966602,1274.31571966602,0,0.996603645338203,31274.315719666,61274.315719666
1.9,0.65,30000,60000,1630.75100839739,1630.75100839739,0,0.99563340517367,31630.7510083974,61630.7510083974
1.95,0.65,40000,60000,2095.4731449276,2095.4731449276,0,0.994355480453109,42095.4731449276,62095.4731449276
2,0.65,40000,60000,2703.20982264519,2703.20982264519,0,0.992645554122849,42703.2098226452,62703.2098226452
2.05,0.65,39999.9999999999,59999.9999999999,3499.70689178435,3499.70689178435,0,0.990340404306421,43499.7068917843,63499.7068917843
2.1,0.65,40000,60000,4544.75408815148,4544.75408815148,0,0.987185674845398,44544.7540881515,64544.7540881515
2.15,0.65,40000,60000,5915.49696910572,5915.49696910572,0,0.98279960581706,45915.4969691057,65915.4969691057
2.2,0.65,40000.0000000001,60000.0000000001,7709.59856483955,7709.59856483955,0,0.976619544577511,47709.5985648396,67709.5985648396
2.25,0.65,30000,60000,10047.500565136,10047.500565136,0,0.967774847238663,40047.500565136,70047.500565136
2.3,0.65,30000,60000,13072.4214789039,13072.4214789039,0,0.954926891883171,43072.4214789039,73072.4214789039
2.35,0.65,20000,50000,16946.0437905468,16946.0437905468,0,0.935950078974678,36946.0437905468,66946.0437905468
2.4,0.65,20000,50000,21838.4711643532,21838.4711643532,0,0.9074788899453,41838.4711643532,71838.4711643532
2.45,0.65,10000,30000,27910.9101884071,27910.9101884071,0,0.86407067910079,37910.9101884071,57910.9101884071
2.5,0.65,0,0,45292.7006884712,35292.7006884712,1,0.804922150679489,0,45292.7006884712
2.55,0.65,0,0,54057.2182851669,44057.2182851669,1,0.710392278172574,0,0
2.6,0.65,0,0,74203.5101929702,54203.5101929702,1,0.538143509249228,0,0
2.65,0.65,0,0,175650.14456978,65650.1445697804,1,0.160068120618954,0,0
2.7,0.65,0,0,278244.785361437,78244.785361437,1,0.00125074056280142,0,0
2.75,0.65,0,0,201785.464112566,91785.4641125656,1,3.73968531231943e-06,0,0
2.8,0.65,0,0,176047.474102057,106047.474102057,1,1.07624740703719e-08,0,0
2.85,0.65,0,0,160807.62458202,120807.62458202,1,3.29230410667348e-11,0,0
2.9,0.65,0,0,165862.197116531,135862.197116531,1,1.10158579449478e-13,0,0
2.95,0.65,0,0,171036.690474195,151036.690474195,1,4.07989050735727e-16,0,0
3,0.65,0,0,176189.065844913,166189.065844913,1,1.68099372430023e-18,0,0
1.4,0.7,490000,490000,101.53859540255,101.53859540255,0,1,490101.538595403,490101.538595403
1.45,0.7,110000,60000.0000000001,130.679917694251,130.679917694251,0,0.999891888031841,110130.679917694,60130.6799176943
1.5,0.7,70000,60000,164.886829716494,164.886829716494,0,0.999774244045424,70164.8868297165,60164.8868297165
1.55,0.7,50000,60000,207.310947543245,207.310947543245,0,0.999637508468053,50207.3109475432,60207.3109475432
1.6,0.7,50000,60000,260.622447502509,260.622447502509,0,0.999474840225729,50260.6224475025,60260.6224475025
1.65,0.7,40000.0000000001,60000.0000000001,328.15266934005,328.15266934005,0,0.999278548001374,40328.1526693401,60328.1526693401
1.7,0.7,40000,60000,414.239531395388,414.239531395388,0,0.999037782037314,40414.2395313954,60414.2395313954
1.75,0.7,40000,60000,524.606190576544,524.606190576544,0,0.998738364127561,40524.6061905765,60524.6061905765
1.8,0.7,40000,60000,666.851886827504,666.851886827504,0,0.998360227072057,40666.8518868275,60666.8518868275
1.85,0.7,40000,60000,851.119592660437,851.119592660437,0,0.9978780981318,40851.1195926604,60851.1195926604
1.9,0.7,40000,70000,1090.97785921186,1090.97785921186,0,0.997257887852121,41090.9778592119,71090.9778592119
1.95,0.7,40000,70000,1404.61198721242,1404.61198721242,0,0.996446051241651,41404.6119872124,71404.6119872124
2,0.7,40000,70000,1816.40991911353,1816.40991911353,0,0.995369347452179,41816.4099191135,71816.4099191135
2.05,0.7,40000,70000,2359.00298469289,2359.00298469289,0,0.993932077550056,42359.0029846929,72359.0029846929
2.1,0.7,40000,70000,3075.9215924883,3075.9215924883,0,0.991979169172337,43075.9215924883,73075.9215924883
2.15,0.7,40000,70000,4024.76447321812,4024.76447321812,0,0.989286805675388,44024.7644732181,74024.7644732181
2.2,0.7,40000,70000,5280.89882583018,5280.89882583018,0,0.985522695942674,45280.8988258302,75280.8988258302
2.25,0.7,40000,60000,6941.20340688057,6941.20340688057,0,0.980172276759005,46941.2034068806,66941.2034068806
2.3,0.7,40000,60000,9127.1647450578,9127.1647450578,0,0.972442261295682,49127.1647450578,69127.1647450578
2.35,0.7,30000,60000,11985.7452351902,11985.7452351902,0,0.961086869215364,41985.7452351902,71985.7452351902
2.4,0.7,30000,60000,15686.1038557528,15686.1038557528,0,0.944107001411844,45686.1038557528,75686.1038557528
2.45,0.7,20000,50000,20409.6945998902,20409.6945998902,0,0.91828275526457,40409.6945998902,70409.6945998902
2.5,0.7,10000,40000,26332.2645644916,26332.2645644916,0,0.878318037494954,36332.2645644916,66332.2645644916
2.55,0.7,0,20000,43598.7993353283,33598.7993353283,1,0.821436552887139,33598.7993353283,53598.7993353283
2.6,0.7,0,0,52295.7682401085,42295.7682401085,1,0.731936008485365,0,0
2.65,0.7,0,0,72429.2639518385,52429.2639518385,1,0.564084552387751,0,0
2.7,0.7,0,0,163917.374649247,63917.374649247,1,0.178917742410372,0,0
2.75,0.7,0,0,266599.640650579,76599.6406505787,1,0.00176725139279177,0,0
2.8,0.7,0,0,190261.579450231,90261.5794502312,1,6.90371691906547e-06,0,0
2.85,0.7,0,0,164664.402147301,104664.402147301,1,2.56154366612571e-08,0,0
2.9,0.7,0,0,159572.479745119,119572.479745119,1,9.92856638514682e-11,0,0
2.95,0.7,0,0,154772.436165189,134772.436165189,1,4.13824965869241e-13,0,0
3,0.7,0,0,170083.472876564,150083.472876564,1,1.87747626695644e-15,0,0
1.5,0.75,490000,490000,101.566759109877,101.566759109877,0,1,490101.56675911,490101.56675911
1.55,0.75,120000,60000,131.895615043688,131.895615043688,0,0.999895280115446,120131.895615044,60131.8956150437
1.6,0.75,80000,60000,167.828480078511,167.828480078511,0,0.999779886955572,80167.8284800785,60167.8284800785
1.65,0.75,60000,60000,212.812436950571,212.812436950571,0,0.99964446100052,60212.8124369506,60212.8124369506
1.7,0.75,50000,60000,269.884065907572,269.884065907572,0,0.999481129702055,50269.8840659076,60269.8840659076
1.75,0.75,50000,70000,342.892852522595,342.892852522595,0,0.999281807548368,50342.8928525226,70342.8928525226
1.8,0.75,50000,70000,436.913280615499,436.913280615499,0,0.999033219169828,50436.9132806155,70436.9132806155
1.85,0.75,40000,70000,558.715961440926,558.715961440926,0,0.998721450166606,40558.7159614409,70558.7159614409
1.9,0.75,40000,70000,717.401204314572,717.401204314572,0,0.998322695984638,40717.4012043146,70717.4012043146
1.95,0.75,40000,70000,925.24288137364,925.24288137364,0,0.997807134982036,40925.2428813736,70925.2428813736
2,0.75,40000,70000,1198.84523192399,1198.84523192399,0,0.997131154137635,41198.845231924,71198.845231924
2.05,0.75,40000,70000,1560.69395632738,1560.69395632738,0,0.996235595378812,41560.6939563274,71560.6939563274
2.1,0.75,40000,70000,2041.2311372458,2041.2311372458,0,0.995031701358851,42041.2311372458,72041.2311372458
2.15,0.75,40000,70000,2681.52810571317,2681.52810571317,0,0.993383815855795,42681.5281057132,72681.5281057132
2.2,0.75,40000,70000,3536.68747200058,3536.68747200058,0,0.991104681605734,43536.6874720006,73536.6874720006
2.25,0.75,40000.0000000001,70000,4679.86096174785,4679.86096174785,0,0.987896901158866,44679.8609617479,74679.8609617479
2.3,0.75,40000,70000,6206.57518003961,6206.57518003961,0,0.983298021699935,46206.5751800396,76206.5751800396
2.35,0.75,40000,70000,8238.72525242247,8238.72525242247,0,0.976595035875482,48238.7252524225,78238.7252524225
2.4,0.75,40000,60000,10926.5045415378,10926.5045415378,0,0.966638277408708,50926.5045415378,70926.5045415378
2.45,0.75,30000,60000,14446.2593245973,14446.2593245973,0,0.951562166614035,44446.2593245973,74446.2593245973
2.5,0.75,30000,60000,18991.2067310984,18991.2067310984,0,0.928308664444301,48991.2067310984,78991.2067310984
2.55,0.75,10000,50000,24752.8886922232,24752.8886922232,0,0.891664467079214,34752.8886922232,74752.8886922232
2.6,0.75,0,30000,41893.4728678451,31893.4728678451,1,0.837299593255148,31893.4728678451,61893.4728678451
2.65,0.75,0,0,50514.5540230628,40514.5540230628,1,0.752803833822438,0,0
2.7,0.75,0,0,70630.8644176488,50630.8644176488,1,0.589966159373724,0,0
2.75,0.75,0,0,162160.066407176,62160.0664071759,1,0.199277764400883,0,0
2.8,0.75,0,0,244933.157286059,74933.1572860585,1,0.0024744805237579,0,0
2.85,0.75,0,0,178721.641269671,88721.6412696713,1,1.25552473061924e-05,0,0
2.9,0.75,0,0,153271.316534126,103271.316534126,1,5.97439055721167e-08,0,0
2.95,0.75,0,0,148332.876117353,118332.876117353,1,2.92170706702541e-10,0,0
3,0.75,0,0,153682.900939819,133682.900939819,1,1.51125252553955e-12,0,0
1.6,0.8,490000,490000,101.596405336366,101.596405336366,0,1,490101.596405336,490101.596405336
1.65,0.8,130000,70000,133.217844992149,133.217844992149,0,0.999897929048064,130133.217844992,70133.2178449921
1.7,0.8,80000,70000,171.059692610136,171.059692610136,0,0.999784204431857,80171.0596926101,70171.0596926101
1.75,0.8,70000,70000,218.915080521306,218.915080521306,0,0.99964885663392,70218.9150805213,70218.9150805213
1.8,0.8,60000,70000,280.262600745571,280.262600745571,0,0.999484235321849,60280.2626007456,70280.2626007456
1.85,0.8,50000.0000000001,70000,359.582994187352,359.582994187352,0,0.99927958239926,50359.5829941874,70359.5829941874
1.9,0.8,50000,70000,462.862294533579,462.862294533579,0,0.999023097544325,50462.8622945336,70462.8622945336
1.95,0.8,50000,70000,598.187343206485,598.187343206485,0,0.998694481738821,50598.1873432065,70598.1873432065
2,0.8,50000,70000,776.56015217608,776.56015217608,0,0.99826790626848,50776.5601521761,70776.5601521761
2.05,0.8,50000,70000,1012.99519683857,1012.99519683857,0,0.997710175580464,51012.9951968386,71012.9951968386
2.1,0.8,50000,70000,1328.04536206412,1328.04536206412,0,0.996966975697815,51328.0453620641,71328.0453620641
2.15,0.8,50000,70000,1749.8441347158,1749.8441347158,0,0.995964822722073,51749.8441347158,71749.8441347158
2.2,0.8,50000,70000,2316.83646197153,2316.83646197153,0,0.994587048102215,52316.8364619715,72316.8364619715
2.25,0.8,50000,70000,3081.30721920001,3081.30721920001,0,0.992671641255692,53081.3072192,73081.3072192
2.3,0.8,50000,70000,4113.72589358917,4113.72589358917,0,0.989954234816413,54113.7258935892,74113.7258935892
2.35,0.8,50000,70000,5507.67912523959,5507.67912523959,0,0.986032883012756,55507.6791252396,75507.6791252396
2.4,0.8,50000,70000,7384.72312955856,7384.72312955856,0,0.980262013092409,57384.7231295586,77384.7231295586
2.45,0.8,40000,70000,9897.62021442676,9897.62021442676,0,0.971593984331996,49897.6202144268,79897.6202144268
2.5,0.8,40000,60000,13229.5470397072,13229.5470397072,0,0.958299076334376,53229.5470397072,73229.5470397072
2.55,0.8,30000,60000,17585.7059937094,17585.7059937094,0,0.937492945033431,47585.7059937094,77585.7059937094
2.6,0.8,20000,50000,23174.4806169997,23174.4806169997,0,0.9041806377782,43174.4806169997,73174.4806169997
2.65,0.8,0,40000,40177.4306603504,30177.4306603504,1,0.852146244503993,30177.4306603504,70177.4306603504
2.7,0.8,0,0,48713.3532522173,38713.3532522173,1,0.773039777983736,0,0
2.75,0.8,0,0,68807.3168627649,48807.3168627649,1,0.615721866653251,0,0
2.8,0.8,0,0,160377.202751862,60377.2027518617,1,0.221118937334398,0,0
2.85,0.8,0,0,233244.571808996,73244.5718089962,1,0.00343339604445881,0,0
2.9,0.8,0,0,177165.295409884,87165.2954098841,1,2.2491700217575e-05,0,0
2.95,0.8,0,0,151868.264357203,101868.264357203,1,1.36547942474281e-07,0,0
3,0.8,0,0,147089.399181651,117089.399181651,1,8.38629545327184e-10,0,0
1.7,0.85,490000,490000,101.627673315775,101.627673315775,0,1,490101.627673316,490101.627673316
1.75,0.85,140000,70000,134.661380817365,134.661380817365,0,0.999900051488747,140134.661380817,70134.6613808174
1.8,0.85,90000,70000,174.625370853852,174.625370853852,0,0.999787185664268,90174.6253708539,70174.6253708539
1.85,0.85,70000,70000,225.722261109052,225.722261109052,0,0.999651379601818,70225.7222611091,70225.7222611091
1.9,0.85,60000,70000,291.966220700628,291.966220700628,0,0.999483280921738,60291.9662207006,70291.9662207006
1.95,0.85,60000,70000,378.618296697457,378.618296697457,0,0.999272944552244,60378.6182966975,70378.6182966975
2,0.85,60000,70000,492.802985436897,492.802985436897,0,0.999003838181474,60492.8029854369,70492.8029854369
2.05,0.85,50000,70000,644.279887719118,644.279887719118,0,0.998655350281365,50644.2798877191,70644.2798877191
2.1,0.85,50000,80000,846.492809786018,846.492809786018,0,0.998196079328545,50846.492809786,80846.492809786
2.15,0.85,50000,80000.0000000001,1118.03683038925,1118.03683038925,0,0.997583088943639,51118.0368303893,81118.0368303893
2.2,0.85,50000,80000,1484.66025422336,1484.66025422336,0,0.996754211234497,51484.6602542234,81484.6602542234
2.25,0.85,50000,80000,1982.01774855171,1982.01774855171,0,0.995614062614749,51982.0177485517,81982.0177485517
2.3,0.85,50000,80000,2659.27296614835,2659.27296614835,0,0.994012588361856,52659.2729661484,82659.2729661483
2.35,0.85,50000,80000,3583.76169385276,3583.76169385276,0,0.991731605634845,53583.7616938528,83583.7616938528
2.4,0.85,50000.0000000001,70000,4846.46109834805,4846.46109834805,0,0.988414214674066,54846.4610983481,74846.4610983481
2.45,0.85,50000,70000,6567.78982311186,6567.78982311186,0,0.983484671420194,56567.7898231119,76567.7898231119
2.5,0.85,50000.0000000001,70000,8902.24198978055,8902.24198978055,0,0.976001964233217,58902.2419897806,78902.2419897806
2.55,0.85,40000,70000,12039.2528613218,12039.2528613218,0,0.964373545981179,52039.2528613218,82039.2528613218
2.6,0.85,40000,60000,16196.1259562157,16196.1259562157,0,0.945899890815094,56196.1259562157,76196.1259562157
2.65,0.85,20000,60000,21599.2396678558,21599.2396678558,0,0.91582896543693,41599.2396678558,81599.2396678558
2.7,0.85,10000,40000,38451.5693037752,28451.5693037752,1,0.866299312626097,38451.5693037752,68451.5693037752
2.75,0.85,0,0,46891.9048509653,36891.9048509653,1,0.792468428142536,0,0
2.8,0.85,0,0,66957.7111244542,46957.7111244542,1,0.641240466543523,0,0
2.85,0.85,0,0,148567.662451537,58567.6624515366,1,0.244508151961425,0,0
2.9,0.85,0,0,221533.045282516,71533.0452825162,1,0.00472090740630534,0,0
2.95,0.85,0,0,165592.375994034,85592.3759940339,1,3.96933636381495e-05,0,0
3,0.85,0,0,140455.649356706,100455.649356706,1,3.05776085064218e-07,0,0
1.8,0.9,490000,490000,101.66072184183,101.66072184183,0,1,490101.660721842,490101.660721842
1.85,0.9,150000,70000,136.244172346071,136.244172346071,0,0.999901618685765,150136.244172346,70136.2441723461
1.9,0.9,1e+05,70000,178.580372566575,178.580372566575,0,0.999788966387494,100178.580372567,70178.5803725666
1.95,0.9,80000,80000,233.360692360808,233.360692360808,0,0.999651468317454,80233.3606923608,80233.3606923608
2,0.9,70000,80000,305.257607292567,305.257607292567,0,0.999479548981853,70305.2576072926,80305.2576072926
2.05,0.9,70000,80000,400.502855506862,400.502855506862,0,0.999260153809817,70400.5028555069,80400.5028555069
2.1,0.9,60000,80000,527.666420778631,527.666420778631,0,0.998976240570691,60527.6664207786,80527.6664207786
2.15,0.9,60000,80000,698.653635579944,698.653635579944,0,0.998601243195889,60698.6536355799,80698.6536355799
2.2,0.9,60000,80000,930.102687322986,930.102687322986,0,0.998100456875342,60930.102687323,80930.102687323
2.25,0.9,60000,80000,1245.33222260559,1245.33222260559,0,0.997419688914874,61245.3322226056,81245.3322226056
2.3,0.9,60000,80000,1677.05401447213,1677.05401447213,0,0.996480294977907,61677.0540144721,81677.0540144721
2.35,0.9,60000,80000,2271.05923938734,2271.05923938734,0,0.995154829794918,62271.0592393873,82271.0592393873
2.4,0.9,60000,80000,3091.07631326171,3091.07631326171,0,0.993256164320047,63091.0763132617,83091.0763132617
2.45,0.9,60000,80000,4224.78416614654,4224.78416614654,0,0.990470863675903,64224.7841661465,84224.7841661465
2.5,0.9,60000,80000,5790.57586207887,5790.57586207887,0,0.986299913768102,65790.5758620789,85790.5758620789
2.55,0.9,50000,80000,7943.69721122343,7943.69721122343,0,0.979895623330599,57943.6972112234,87943.6972112234
2.6,0.9,50000,70000,10879.0263930801,10879.0263930801,0,0.969811084034353,60879.0263930801,80879.0263930801
2.65,0.9,40000,70000,14825.8413633122,14825.8413633122,0,0.953539097503612,54825.8413633122,84825.8413633122
2.7,0.9,30000,60000,20029.574919286,20029.574919286,0,0.926535506042596,50029.574919286,80029.574919286
2.75,0.9,10000,50000,26717.0559305557,26717.0559305557,0,0.880461265529394,36717.0559305557,76717.0559305557
2.8,0.9,0,10000,45050.0729933986,35050.0729933986,1,0.811119029386433,0,55050.0729933986
2.85,0.9,0,0,65080.9476041008,45080.9476041008,1,0.666403444144804,0,0
2.9,0.9,0,0,146730.190129764,56730.1901297641,1,0.269385345868953,0,0
2.95,0.9,0,0,209797.703013044,69797.7030130435,1,0.00643322629958418,0,0
3,0.9,0,0,154002.468018105,84002.4680181055,1,6.90114473906454e-05,0,0
1.9,0.95,490000,490000,101.695733027584,101.695733027584,0,1,490101.695733028,490101.695733028
1.95,0.95,160000,80000,137.987583119818,137.987583119818,0,0.999902557561473,160137.98758312,80137.9875831198
2,0.95,110000,80000,182.992147432029,182.992147432029,0,0.999789482893198,110182.992147432,80182.992147432
2.05,0.95,90000,80000,241.990441579215,241.990441579215,0,0.99964960558844,90241.9904415792,80241.9904415792
2.1,0.95,80000,80000,320.47065643604,320.47065643604,0,0.999471443407673,80320.470656436,80320.470656436
2.15,0.95,70000,80000,425.891657690347,425.891657690347,0,0.999241148790188,70425.8916576903,80425.8916576903
2.2,0.95,70000,80000,568.676669985051,568.676669985051,0,0.998938397821348,70568.6766699851,80568.6766699851
2.25,0.95,70000,80000,763.535709354353,763.535709354353,0,0.998531845337421,70763.5357093544,80763.5357093544
2.3,0.95,59999.9999999999,80000,1031.33606186585,1031.33606186585,0,0.997978654783528,61031.3360618658,81031.3360618658
2.35,0.95,60000,80000,1401.74571868013,1401.74571868013,0,0.997208241510957,61401.7457186801,81401.7457186801
2.4,0.95,60000,80000,1916.93837736563,1916.93837736563,0,0.996123297294074,61916.9383773656,81916.9383773656
2.45,0.95,60000,80000,2636.60078433436,2636.60078433436,0,0.994553332084469,62636.6007843344,82636.6007843344
2.5,0.95,60000,80000,3644.42170445652,3644.42170445652,0,0.992238810602336,63644.4217044565,83644.4217044565
2.55,0.95,60000,80000,5055.78465801342,5055.78465801342,0,0.988739949414925,65055.7846580134,85055.7846580134
2.6,0.95,60000,80000,7025.50111968566,7025.50111968566,0,0.983312789258178,67025.5011196857,87025.5011196857
2.65,0.95,49999.9999999999,80000,9752.82500094225,9752.82500094225,0,0.974652815666309,59752.8250009422,89752.8250009422
2.7,0.95,50000,70000,13478.689232839,13478.689232839,0,0.960453440369287,63478.689232839,83478.689232839
2.75,0.95,30000,70000,18468.4517322904,18468.4517322904,0,0.936464380143693,48468.4517322904,88468.4517322904
2.8,0.95,20000,60000,24975.3249776963,24975.3249776963,0,0.894537839606586,44975.3249776963,84975.3249776963
2.85,0.95,0,30000,43187.7060570104,33187.7060570104,1,0.828930218311547,33187.7060570104,63187.7060570104
2.9,0.95,0,0,53175.9368410277,43175.9368410277,1,0.69155199617243,0,0
2.95,0.95,0,0,134863.435198169,54863.4351981686,1,0.295778130525377,0,0
3,0.95,0,0,198037.554862395,68037.5548623949,1,0.00868937361939925,0,0
2,1,490000,490000,101.732917002498,101.732917002498,0,1,490101.732917003,490101.732917003
2.05,1,170000,80000,139.917919103267,139.917919103267,0,0.999903097796779,170139.917919103,80139.9179191033
2.1,1,110000,80000,187.944570385861,187.944570385861,0,0.999788840865371,110187.944570386,80187.9445703859
2.15,1,90000,80000,251.81333954706,251.81333954706,0,0.999645209873889,90251.8133395471,80251.8133395471
2.2,1,80000,80000,338.036664313114,338.036664313114,0,0.999460015078984,80338.0366643131,80338.0366643131
2.25,1,80000,80000,455.644377826199,455.644377826199,0,0.999216334783162,80455.6443778262,80455.6443778262
2.3,1,70000,80000,617.47641045873,617.47641045873,0,0.998889105920118,70617.4764104587,80617.4764104587
2.35,1,70000,90000,841.961323402635,841.961323402635,0,0.998440943208881,70841.9613234026,90841.9613234026
2.4,1,70000,90000,1155.66482020046,1155.66482020046,0,0.997819885365481,71155.6648202005,91155.6648202005
2.45,1,70000,90000,1596.94412029251,1596.94412029251,0,0.99693477953192,71596.9441202925,91596.9441202925
2.5,1,70000,90000,2221.04876591648,2221.04876591648,0,0.995654407420165,72221.0487659165,92221.0487659165
2.55,1,70000,90000,3106.96929549933,3106.96929549933,0,0.993746643325612,73106.9692954993,93106.9692954993
2.6,1,70000,80000,4366.02913258966,4366.02913258966,0,0.990842787084163,74366.0291325897,84366.0291325897
2.65,1,60000,80000,6151.27724806541,6151.27724806541,0,0.986288741411348,66151.2772480654,86151.2772480654
2.7,1,59999.9999999999,79999.9999999999,8665.00955728045,8665.00955728045,0,0.978926934987994,68665.0095572804,88665.0095572804
2.75,1,50000,80000,12159.007834882,12159.007834882,0,0.96665602597184,62159.007834882,92159.007834882
2.8,1,40000,70000,16919.2780998877,16919.2780998877,0,0.945498213723311,56919.2780998877,86919.2780998877
2.85,1,20000,60000,23228.2078197783,23228.2078197783,0,0.907768194902563,43228.2078197783,83228.2078197783
2.9,1,0,40000,41304.8729063215,31304.8729063215,1,0.845919424583489,31304.8729063215,71304.8729063215
2.95,1,0,0,51241.5244091204,41241.5244091204,1,0.716516198090582,0,0
3,1,0,0,132965.943079026,52965.9430790259,1,0.323642401196232,0,0
2.1,1.05,490000,490000,101.772517840642,101.772517840642,0,1,490101.772517841,490101.772517841
2.15,1.05,180000,90000,142.067389784859,142.067389784859,0,0.999903048826654,180142.067389785,90142.0673897849
2.2,1.05,120000,90000,193.543019890346,193.543019890346,0,0.999787113977992,120193.54301989,90193.5430198903
2.25,1.05,99999.9999999996,90000,263.089202311364,263.089202311364,0,0.999638656690699,100263.089202311,90263.0892023114
2.3,1.05,90000,90000,358.522351136648,358.522351136648,0,0.999444018237588,90358.5223511366,90358.5223511366
2.35,1.05,80000,90000,490.913210542041,490.913210542041,0,0.999182433928575,80490.913210542,90490.913210542
2.4,1.05,80000,90000,676.306119129335,676.306119129335,0,0.99882526817054,80676.3061191293,90676.3061191293
2.45,1.05,80000,90000,938.15040713615,938.15040713615,0,0.998325652175145,80938.1504071362,90938.1504071362
2.5,1.05,80000,90000,1310.84651023604,1310.84651023604,0,0.997614027637661,81310.846510236,91310.846510236
2.55,1.05,70000,90000,1844.85191588456,1844.85191588456,0,0.996575027298659,71844.8519158846,91844.8519158846
2.6,1.05,70000,90000,2613.79696904556,2613.79696904556,0,0.995024477387858,72613.7969690456,92613.7969690456
2.65,1.05,70000,90000,3723.86136741725,3723.86136741725,0,0.992637889897429,73723.8613674173,93723.8613674173
2.7,1.05,70000,90000,5324.80197730043,5324.80197730043,0,0.988860581973561,75324.8019773004,95324.8019773004
2.75,1.05,70000,80000,7620.2677400608,7620.2677400608,0,0.982671481609651,77620.2677400608,87620.2677400608
2.8,1.05,60000,80000,10871.6898689238,10871.6898689238,0,0.972173851611844,70871.6898689238,90871.6898689238
2.85,1.05,50000,80000,15386.1812205086,15386.1812205086,0,0.953720586432299,65386.1812205086,95386.1812205086
2.9,1.05,30000,70000,21477.9779326007,21477.9779326007,0,0.920016901606377,51477.9779326007,91477.9779326007
2.95,1.05,0,50000,39401.7647678124,29401.7647678124,1,0.861908814374338,29401.7647678124,79401.7647678124
3,1.05,0,0,49276.4028525241,39276.4028525241,1,0.740940616860717,0,0
2.25,1.1,190000,90000,144.476173409171,144.476173409171,0,0.999902529703825,190144.476173409,90144.4761734092
2.3,1.1,130000,90000,199.92237260627,199.92237260627,0,0.999783957735212,130199.922372606,90199.9223726063
2.35,1.1,110000,90000,276.157325406429,276.157325406429,0,0.999629538709555,110276.157325406,90276.1573254064
2.4,1.1,99999.9999999998,90000,382.683232734195,382.683232734195,0,0.999422483226386,100382.683232734,90382.6832327342
2.45,1.1,90000,90000,533.269850881772,533.269850881772,0,0.999139253866791,90533.2698508818,90533.2698508818
2.5,1.1,90000,90000,748.290094102811,748.290094102811,0,0.998742737221082,90748.2900941028,90748.2900941028
2.55,1.1,80000,90000,1058.11426790269,1058.11426790269,0,0.998175868877327,81058.1142679027,91058.1142679027
2.6,1.1,80000,90000,1508.12940938698,1508.12940938698,0,0.997345698459732,81508.129409387,91508.129409387
2.65,1.1,80000,90000,2165.987883862,2165.987883862,0,0.996094774801416,82165.987883862,92165.987883862
2.7,1.1,80000,90000,3131.61970487568,3131.61970487568,0,0.994158705426308,83131.6197048757,93131.6197048757
2.75,1.1,80000,90000,4549.83485531564,4549.83485531564,0,0.991061501603062,84549.8348553156,94549.8348553156
2.8,1.1,70000,90000,6623.60644639532,6623.60644639532,0,0.985921718830895,76623.6064463953,96623.6064463953
2.85,1.1,60000,90000,9622.29778843214,9622.29778843214,0,0.977056587093301,69622.2977884321,99622.2977884321
2.9,1.1,50000,80000,13873.9568757359,13873.9568757359,0,0.96114909785835,63873.9568757359,93873.9568757359
2.95,1.1,40000,70000,19727.5366447705,19727.5366447705,0,0.931358334433964,59727.5366447705,89727.5366447705
3,1.1,10000,60000,37478.8643443893,27478.8643443893,1,0.87695031333765,37478.8643443893,87478.8643443893
2.35,1.15,2e+05,90000,147.194948446649,147.194948446649,0,0.999901520028143,200147.194948447,90147.1949484466
2.4,1.15,140000,90000,207.257055491776,207.257055491776,0,0.999779209927319,140207.257055492,90207.2570554918
2.45,1.15,120000,90000,291.468173915415,291.468173915415,0,0.999617042724819,120291.468173915,90291.4681739154
2.5,1.15,99999.9999999998,99999.9999999998,411.548254404241,411.548254404241,0,0.999394891306004,100411.548254404,100411.548254404
2.55,1.15,1e+05,1e+05,584.90636112657,584.90636112657,0,0.9990832959231,100584.906361127,100584.906361127
2.6,1.15,90000,99999.9999999999,837.887355118063,837.887355118063,0,0.998637017462328,90837.8873551181,100837.887355118
2.65,1.15,90000,1e+05,1210.61907890769,1210.61907890769,0,0.997978994453727,91210.6190789077,101210.619078908
2.7,1.15,90000,1e+05,1764.24529903099,1764.24529903099,0,0.996985571690189,91764.245299031,101764.245299031
2.75,1.15,90000,99999.9999999997,2591.38001337528,2591.38001337528,0,0.995434872932423,92591.3800133753,102591.380013375
2.8,1.15,80000,90000,3830.11717135134,3830.11717135134,0,0.992927887961144,83830.1171713513,93830.1171713513
2.85,1.15,80000,90000,5680.34405197565,5680.34405197565,0,0.988716989894304,85680.3440519757,95680.3440519757
2.9,1.15,70000,90000,8417.01315374055,8417.01315374055,0,0.981333068283045,78417.0131537406,98417.0131537406
2.95,1.15,60000,89999.9999999999,12388.2942806331,12388.2942806331,0,0.967783610054328,72388.2942806331,102388.294280633
3,1.15,40000,80000,17980.4400095809,17980.4400095809,0,0.941740567473648,57980.4400095809,97980.4400095809
2.45,1.2,210000,1e+05,150.28857179667,150.28857179667,0,0.999899830250273,210150.288571797,100150.288571797
2.5,1.2,150000,1e+05,215.776788479608,215.776788479608,0,0.999772903788753,150215.77678848,100215.77678848
2.55,1.2,120000,1e+05,309.632174699831,309.632174699831,0,0.99960058016485,120309.6321747,100309.6321747
2.6,1.2,110000,99999.9999999996,446.549836575411,446.549836575411,0,0.999359110893565,110446.549836575,100446.549836575
2.65,1.2,1e+05,1e+05,648.954167926891,648.954167926891,0,0.999011819458884,100648.954167927,100648.954167927
2.7,1.2,1e+05,1e+05,951.63445258067,951.63445258067,0,0.99849862029707,100951.634452581,100951.634452581
2.75,1.2,99999.9999999999,99999.9999999999,1408.81715858007,1408.81715858007,0,0.997717984782283,101408.81715858,101408.81715858
2.8,1.2,90000,1e+05,2104.81548192187,2104.81548192187,0,0.996492582964454,92104.8154819219,102104.815481922
2.85,1.2,90000,99999.9999999995,3169.19392784845,3169.19392784845,0,0.994494488390704,93169.1939278484,103169.193927848
2.9,1.2,90000,1e+05,4796.02036471158,4796.02036471158,0,0.991094293377789,94796.0203647116,104796.020364712
2.95,1.2,80000,99999.9999999996,7262.73225074443,7262.73225074443,0,0.985033702404135,87262.7322507444,107262.732250744
3,1.2,70000,89999.9999999999,10935.8925810851,10935.8925810851,0,0.973665276804183,80935.8925810851,100935.892581085
2.5,1.25,490000,490000,101.961651721732,101.961651721732,0,1,490101.961651722,490101.961651722
2.55,1.25,220000,99999.9999999997,153.841353942327,153.841353942327,0,0.99989755986446,220153.841353942,100153.841353942
2.6,1.25,160000,99999.9999999995,225.790458878475,225.790458878475,0,0.999764799764107,160225.790458878,100225.790458878
2.65,1.25,130000,99999.9999999996,331.495568958383,331.495568958383,0,0.999579796622973,130331.495568958,100331.495568958
2.7,1.25,120000,1e+05,489.733366188758,489.733366188758,0,0.999313164735206,120489.733366189,100489.733366189
2.75,1.25,110000,1e+05,730.019770414854,730.019770414854,0,0.998917932470196,110730.019770415,100730.019770415
2.8,1.25,110000,1e+05,1099.40779597701,1099.40779597701,0,0.998314858634493,111099.407795977,101099.407795977
2.85,1.25,99999.9999999997,99999.9999999997,1673.07984189732,1673.07984189732,0,0.997360560285398,101673.079841897,101673.079841897
2.9,1.25,1e+05,1e+05,2570.28200503154,2570.28200503154,0,0.995792810468038,102570.282005032,102570.282005032
2.95,1.25,90000,99999.9999999995,3976.25752310347,3976.25752310347,0,0.993093644554053,93976.2575231035,103976.257523103
3,1.25,90000,99999.9999999999,6167.04045545215,6167.04045545215,0,0.988200603773923,96167.0404554522,106167.040455452
2.6,1.3,490000,490000,102.018865248485,102.018865248485,0,1,490102.018865248,490102.018865248
2.65,1.3,230000,110000,157.965162696158,157.965162696158,0,0.999894518614017,230157.965162696,110157.965162696
2.7,1.3,160000,110000,237.722415002183,237.722415002183,0,0.999754041632789,160237.722415002,110237.722415002
2.75,1.3,140000,110000,358.261008639029,358.261008639029,0,0.99955260516282,140358.261008639,110358.261008639
2.8,1.3,130000,110000,544.106661046987,544.106661046987,0,0.999253459120485,130544.106661047,110544.106661047
2.85,1.3,120000,110000,835.09375727909,835.09375727909,0,0.998794670624876,120835.093757279,110835.093757279
2.9,1.3,110000,110000,1296.65491354765,1296.65491354765,0,0.998064126718891,111296.654913548,111296.654913548
2.95,1.3,110000,110000,2036.07338804266,2036.07338804266,0,0.996854729742573,112036.073388043,112036.073388043
3,1.3,99999.9999999998,110000,3226.59190747323,3226.59190747323,0,0.994748857477999,103226.591907473,113226.591907473
2.7,1.35,490000,490000,102.081308998911,102.081308998911,0,1,490102.081308999,490102.081308999
2.75,1.35,240000,110000,162.811219494719,162.811219494719,0,0.999890518392154,240162.811219495,110162.811219495
2.8,1.35,170000,110000,252.171083411406,252.171083411406,0,0.999740263199737,170252.171083411,110252.171083411
2.85,1.35,150000,110000,391.692512456954,391.692512456954,0,0.99951754487855,150391.692512457,110391.692512457
2.9,1.35,130000,110000,614.245997095626,614.245997095626,0,0.999175028194241,130614.245997096,110614.245997096
2.95,1.35,120000,110000,975.199715056695,975.199715056695,0,0.998626543088285,120975.199715057,110975.199715057
3,1.35,120000,110000,1568.50564775613,1568.50564775613,0,0.997711799042928,121568.505647756,111568.505647756
2.85,1.4,240000,110000,168.589566297144,168.589566297144,0,0.999885349031018,240168.589566297,110168.589566297
2.9,1.4,180000,110000,270.005907432697,270.005907432697,0,0.999722556011917,180270.005907433,110270.005907433
2.95,1.4,150000,110000,434.467238310688,434.467238310688,0,0.999472143415984,150434.467238311,110434.467238311
3,1.4,140000,110000,707.399342199588,707.399342199588,0,0.99906875689164,140707.3993422,110707.3993422
2.95,1.45,250000,120000,175.600064372668,175.600064372668,0,0.999878846589517,250175.600064373,120175.600064373
3,1.45,190000,120000,292.536428911656,292.536428911656,0,0.999699375452683,190292.536428912,120292.536428912
3,1.5,490000,490000,102.310361814303,102.310361814303,0,1,490102.310361814,490102.310361814
